"unit_numeric_code","is_in_union","age_range","mid_year","population_count","region_code"
854,"N","15-49",1970,35328.9046,"Centre (including Ouagadougou)"
854,"N","15-49",1970,12231.6612,"Boucle de Mouhoun"
854,"N","15-49",1970,14669.5868,"Centre-Sud"
854,"N","15-49",1970,15762.45,"Plateau Central"
854,"N","15-49",1970,13891.9726,"Centre-Est"
854,"N","15-49",1970,10066.9514,"Centre-Nord"
854,"N","15-49",1970,20932.5336,"Centre-Ouest"
854,"N","15-49",1970,11559.13,"Est"
854,"N","15-49",1970,15363.1346,"Nord"
854,"N","15-49",1970,12168.6114,"Cascades"
854,"N","15-49",1970,23958.924,"Hauts Bassins"
854,"N","15-49",1970,8826.972,"Sahel"
854,"N","15-49",1970,15426.1844,"Sud-Ouest"
854,"Y","15-49",1970,88093.3044,"Centre (including Ouagadougou)"
854,"Y","15-49",1970,92340.0768,"Boucle de Mouhoun"
854,"Y","15-49",1970,72739.5888,"Centre-Sud"
854,"Y","15-49",1970,79381.9764,"Plateau Central"
854,"Y","15-49",1970,82975.3992,"Centre-Est"
854,"Y","15-49",1970,79599.7596,"Centre-Nord"
854,"Y","15-49",1970,94300.1256,"Centre-Ouest"
854,"Y","15-49",1970,93864.5592,"Est"
854,"Y","15-49",1970,83737.6404,"Nord"
854,"Y","15-49",1970,72739.5888,"Cascades"
854,"Y","15-49",1970,91686.7272,"Hauts Bassins"
854,"Y","15-49",1970,81015.3504,"Sahel"
854,"Y","15-49",1970,76550.7948,"Sud-Ouest"
854,"N","15-49",1971,35841.9458,"Centre (including Ouagadougou)"
854,"N","15-49",1971,12409.2876,"Boucle de Mouhoun"
854,"N","15-49",1971,14882.6164,"Centre-Sud"
854,"N","15-49",1971,15991.35,"Plateau Central"
854,"N","15-49",1971,14093.7098,"Centre-Est"
854,"N","15-49",1971,10213.1422,"Centre-Nord"
854,"N","15-49",1971,21236.5128,"Centre-Ouest"
854,"N","15-49",1971,11726.99,"Est"
854,"N","15-49",1971,15586.2358,"Nord"
854,"N","15-49",1971,12345.3222,"Cascades"
854,"N","15-49",1971,24306.852,"Hauts Bassins"
854,"N","15-49",1971,8955.156,"Sahel"
854,"N","15-49",1971,15650.2012,"Sud-Ouest"
854,"Y","15-49",1971,89164.0159,"Centre (including Ouagadougou)"
854,"Y","15-49",1971,93462.4048,"Boucle de Mouhoun"
854,"Y","15-49",1971,73623.6868,"Centre-Sud"
854,"Y","15-49",1971,80346.8079,"Plateau Central"
854,"Y","15-49",1971,83983.9062,"Centre-Est"
854,"Y","15-49",1971,80567.2381,"Centre-Nord"
854,"Y","15-49",1971,95446.2766,"Centre-Ouest"
854,"Y","15-49",1971,95005.4162,"Est"
854,"Y","15-49",1971,84755.4119,"Nord"
854,"Y","15-49",1971,73623.6868,"Cascades"
854,"Y","15-49",1971,92801.1142,"Hauts Bassins"
854,"Y","15-49",1971,82000.0344,"Sahel"
854,"Y","15-49",1971,77481.2153,"Sud-Ouest"
854,"N","15-49",1972,36482.2387,"Centre (including Ouagadougou)"
854,"N","15-49",1972,12630.9714,"Boucle de Mouhoun"
854,"N","15-49",1972,15148.4846,"Centre-Sud"
854,"N","15-49",1972,16277.025,"Plateau Central"
854,"N","15-49",1972,14345.4847,"Centre-Est"
854,"N","15-49",1972,10395.5933,"Centre-Nord"
854,"N","15-49",1972,21615.8892,"Centre-Ouest"
854,"N","15-49",1972,11936.485,"Est"
854,"N","15-49",1972,15864.6737,"Nord"
854,"N","15-49",1972,12565.8633,"Cascades"
854,"N","15-49",1972,24741.078,"Hauts Bassins"
854,"N","15-49",1972,9115.134,"Sahel"
854,"N","15-49",1972,15929.7818,"Sud-Ouest"
854,"Y","15-49",1972,90446.1191,"Centre (including Ouagadougou)"
854,"Y","15-49",1972,94806.3152,"Boucle de Mouhoun"
854,"Y","15-49",1972,74682.3332,"Centre-Sud"
854,"Y","15-49",1972,81502.1271,"Plateau Central"
854,"Y","15-49",1972,85191.5238,"Centre-Est"
854,"Y","15-49",1972,81725.7269,"Centre-Nord"
854,"Y","15-49",1972,96818.7134,"Centre-Ouest"
854,"Y","15-49",1972,96371.5138,"Est"
854,"Y","15-49",1972,85974.1231,"Nord"
854,"Y","15-49",1972,74682.3332,"Cascades"
854,"Y","15-49",1972,94135.5158,"Hauts Bassins"
854,"Y","15-49",1972,83179.1256,"Sahel"
854,"Y","15-49",1972,78595.3297,"Sud-Ouest"
854,"N","15-49",1973,37226.0812,"Centre (including Ouagadougou)"
854,"N","15-49",1973,12888.5064,"Boucle de Mouhoun"
854,"N","15-49",1973,15457.3496,"Centre-Sud"
854,"N","15-49",1973,16608.9,"Plateau Central"
854,"N","15-49",1973,14637.9772,"Centre-Est"
854,"N","15-49",1973,10607.5508,"Centre-Nord"
854,"N","15-49",1973,22056.6192,"Centre-Ouest"
854,"N","15-49",1973,12179.86,"Est"
854,"N","15-49",1973,16188.1412,"Nord"
854,"N","15-49",1973,12822.0708,"Cascades"
854,"N","15-49",1973,25245.528,"Hauts Bassins"
854,"N","15-49",1973,9300.984,"Sahel"
854,"N","15-49",1973,16254.5768,"Sud-Ouest"
854,"Y","15-49",1973,91903.8562,"Centre (including Ouagadougou)"
854,"Y","15-49",1973,96334.3264,"Boucle de Mouhoun"
854,"Y","15-49",1973,75886.0024,"Centre-Sud"
854,"Y","15-49",1973,82815.7122,"Plateau Central"
854,"Y","15-49",1973,86564.5716,"Centre-Est"
854,"Y","15-49",1973,83042.9158,"Centre-Nord"
854,"Y","15-49",1973,98379.1588,"Centre-Ouest"
854,"Y","15-49",1973,97924.7516,"Est"
854,"Y","15-49",1973,87359.7842,"Nord"
854,"Y","15-49",1973,75886.0024,"Cascades"
854,"Y","15-49",1973,95652.7156,"Hauts Bassins"
854,"Y","15-49",1973,84519.7392,"Sahel"
854,"Y","15-49",1973,79862.0654,"Sud-Ouest"
854,"N","15-49",1974,38032.625,"Centre (including Ouagadougou)"
854,"N","15-49",1974,13167.75,"Boucle de Mouhoun"
854,"N","15-49",1974,15792.25,"Centre-Sud"
854,"N","15-49",1974,16968.75,"Plateau Central"
854,"N","15-49",1974,14955.125,"Centre-Est"
854,"N","15-49",1974,10837.375,"Centre-Nord"
854,"N","15-49",1974,22534.5,"Centre-Ouest"
854,"N","15-49",1974,12443.75,"Est"
854,"N","15-49",1974,16538.875,"Nord"
854,"N","15-49",1974,13099.875,"Cascades"
854,"N","15-49",1974,25792.5,"Hauts Bassins"
854,"N","15-49",1974,9502.5,"Sahel"
854,"N","15-49",1974,16606.75,"Sud-Ouest"
854,"Y","15-49",1974,93486.5838,"Centre (including Ouagadougou)"
854,"Y","15-49",1974,97993.3536,"Boucle de Mouhoun"
854,"Y","15-49",1974,77192.8776,"Centre-Sud"
854,"Y","15-49",1974,84241.9278,"Plateau Central"
854,"Y","15-49",1974,88055.3484,"Centre-Est"
854,"Y","15-49",1974,84473.0442,"Centre-Nord"
854,"Y","15-49",1974,100073.4012,"Centre-Ouest"
854,"Y","15-49",1974,99611.1684,"Est"
854,"Y","15-49",1974,88864.2558,"Nord"
854,"Y","15-49",1974,77192.8776,"Cascades"
854,"Y","15-49",1974,97300.0044,"Hauts Bassins"
854,"Y","15-49",1974,85975.3008,"Sahel"
854,"Y","15-49",1974,81237.4146,"Sud-Ouest"
854,"N","15-49",1975,38880.0171,"Centre (including Ouagadougou)"
854,"N","15-49",1975,13461.1362,"Boucle de Mouhoun"
854,"N","15-49",1975,16144.1118,"Centre-Sud"
854,"N","15-49",1975,17346.825,"Plateau Central"
854,"N","15-49",1975,15288.3351,"Centre-Est"
854,"N","15-49",1975,11078.8389,"Centre-Nord"
854,"N","15-49",1975,23036.5836,"Centre-Ouest"
854,"N","15-49",1975,12721.005,"Est"
854,"N","15-49",1975,16907.3721,"Nord"
854,"N","15-49",1975,13391.7489,"Cascades"
854,"N","15-49",1975,26367.174,"Hauts Bassins"
854,"N","15-49",1975,9714.222,"Sahel"
854,"N","15-49",1975,16976.7594,"Sud-Ouest"
854,"Y","15-49",1975,95174.6432,"Centre (including Ouagadougou)"
854,"Y","15-49",1975,99762.7904,"Boucle de Mouhoun"
854,"Y","15-49",1975,78586.7264,"Centre-Sud"
854,"Y","15-49",1975,85763.0592,"Plateau Central"
854,"Y","15-49",1975,89645.3376,"Centre-Est"
854,"Y","15-49",1975,85998.3488,"Centre-Nord"
854,"Y","15-49",1975,101880.3968,"Centre-Ouest"
854,"Y","15-49",1975,101409.8176,"Est"
854,"Y","15-49",1975,90468.8512,"Nord"
854,"Y","15-49",1975,78586.7264,"Cascades"
854,"Y","15-49",1975,99056.9216,"Hauts Bassins"
854,"Y","15-49",1975,87527.7312,"Sahel"
854,"Y","15-49",1975,82704.2944,"Sud-Ouest"
854,"N","15-49",1976,39925.2629,"Centre (including Ouagadougou)"
854,"N","15-49",1976,13823.0238,"Boucle de Mouhoun"
854,"N","15-49",1976,16578.1282,"Centre-Sud"
854,"N","15-49",1976,17813.175,"Plateau Central"
854,"N","15-49",1976,15699.3449,"Centre-Est"
854,"N","15-49",1976,11376.6811,"Centre-Nord"
854,"N","15-49",1976,23655.8964,"Centre-Ouest"
854,"N","15-49",1976,13062.995,"Est"
854,"N","15-49",1976,17361.9079,"Nord"
854,"N","15-49",1976,13751.7711,"Cascades"
854,"N","15-49",1976,27076.026,"Hauts Bassins"
854,"N","15-49",1976,9975.378,"Sahel"
854,"N","15-49",1976,17433.1606,"Sud-Ouest"
854,"Y","15-49",1976,96383.2892,"Centre (including Ouagadougou)"
854,"Y","15-49",1976,101029.7024,"Boucle de Mouhoun"
854,"Y","15-49",1976,79584.7184,"Centre-Sud"
854,"Y","15-49",1976,86852.1852,"Plateau Central"
854,"Y","15-49",1976,90783.7656,"Centre-Est"
854,"Y","15-49",1976,87090.4628,"Centre-Nord"
854,"Y","15-49",1976,103174.2008,"Centre-Ouest"
854,"Y","15-49",1976,102697.6456,"Est"
854,"Y","15-49",1976,91617.7372,"Nord"
854,"Y","15-49",1976,79584.7184,"Cascades"
854,"Y","15-49",1976,100314.8696,"Hauts Bassins"
854,"Y","15-49",1976,88639.2672,"Sahel"
854,"Y","15-49",1976,83754.5764,"Sud-Ouest"
854,"N","15-49",1977,41052.5415,"Centre (including Ouagadougou)"
854,"N","15-49",1977,14213.313,"Boucle de Mouhoun"
854,"N","15-49",1977,17046.207,"Centre-Sud"
854,"N","15-49",1977,18316.125,"Plateau Central"
854,"N","15-49",1977,16142.6115,"Centre-Est"
854,"N","15-49",1977,11697.8985,"Centre-Nord"
854,"N","15-49",1977,24323.814,"Centre-Ouest"
854,"N","15-49",1977,13431.825,"Est"
854,"N","15-49",1977,17852.1165,"Nord"
854,"N","15-49",1977,14140.0485,"Cascades"
854,"N","15-49",1977,27840.51,"Hauts Bassins"
854,"N","15-49",1977,10257.03,"Sahel"
854,"N","15-49",1977,17925.381,"Sud-Ouest"
854,"Y","15-49",1977,97703.9008,"Centre (including Ouagadougou)"
854,"Y","15-49",1977,102413.9776,"Boucle de Mouhoun"
854,"Y","15-49",1977,80675.1616,"Centre-Sud"
854,"Y","15-49",1977,88042.2048,"Plateau Central"
854,"Y","15-49",1977,92027.6544,"Centre-Est"
854,"Y","15-49",1977,88283.7472,"Centre-Nord"
854,"Y","15-49",1977,104587.8592,"Centre-Ouest"
854,"Y","15-49",1977,104104.7744,"Est"
854,"Y","15-49",1977,92873.0528,"Nord"
854,"Y","15-49",1977,80675.1616,"Cascades"
854,"Y","15-49",1977,101689.3504,"Hauts Bassins"
854,"Y","15-49",1977,89853.7728,"Sahel"
854,"Y","15-49",1977,84902.1536,"Sud-Ouest"
854,"N","15-49",1978,42291.7747,"Centre (including Ouagadougou)"
854,"N","15-49",1978,14642.3634,"Boucle de Mouhoun"
854,"N","15-49",1978,17560.7726,"Centre-Sud"
854,"N","15-49",1978,18869.025,"Plateau Central"
854,"N","15-49",1978,16629.9007,"Centre-Est"
854,"N","15-49",1978,12051.0173,"Centre-Nord"
854,"N","15-49",1978,25058.0652,"Centre-Ouest"
854,"N","15-49",1978,13837.285,"Est"
854,"N","15-49",1978,18391.0097,"Nord"
854,"N","15-49",1978,14566.8873,"Cascades"
854,"N","15-49",1978,28680.918,"Hauts Bassins"
854,"N","15-49",1978,10566.654,"Sahel"
854,"N","15-49",1978,18466.4858,"Sud-Ouest"
854,"Y","15-49",1978,99168.1908,"Centre (including Ouagadougou)"
854,"Y","15-49",1978,103948.8576,"Boucle de Mouhoun"
854,"Y","15-49",1978,81884.2416,"Centre-Sud"
854,"Y","15-49",1978,89361.6948,"Plateau Central"
854,"Y","15-49",1978,93406.8744,"Centre-Est"
854,"Y","15-49",1978,89606.8572,"Centre-Nord"
854,"Y","15-49",1978,106155.3192,"Centre-Ouest"
854,"Y","15-49",1978,105664.9944,"Est"
854,"Y","15-49",1978,94264.9428,"Nord"
854,"Y","15-49",1978,81884.2416,"Cascades"
854,"Y","15-49",1978,103213.3704,"Hauts Bassins"
854,"Y","15-49",1978,91200.4128,"Sahel"
854,"Y","15-49",1978,86174.5836,"Sud-Ouest"
854,"N","15-49",1979,43686.6685,"Centre (including Ouagadougou)"
854,"N","15-49",1979,15125.307,"Boucle de Mouhoun"
854,"N","15-49",1979,18139.973,"Centre-Sud"
854,"N","15-49",1979,19491.375,"Plateau Central"
854,"N","15-49",1979,17178.3985,"Centre-Est"
854,"N","15-49",1979,12448.4915,"Centre-Nord"
854,"N","15-49",1979,25884.546,"Centre-Ouest"
854,"N","15-49",1979,14293.675,"Est"
854,"N","15-49",1979,18997.5935,"Nord"
854,"N","15-49",1979,15047.3415,"Cascades"
854,"N","15-49",1979,29626.89,"Hauts Bassins"
854,"N","15-49",1979,10915.17,"Sahel"
854,"N","15-49",1979,19075.559,"Sud-Ouest"
854,"Y","15-49",1979,100833.1937,"Centre (including Ouagadougou)"
854,"Y","15-49",1979,105694.1264,"Boucle de Mouhoun"
854,"Y","15-49",1979,83259.0524,"Centre-Sud"
854,"Y","15-49",1979,90862.0497,"Plateau Central"
854,"Y","15-49",1979,94975.1466,"Centre-Est"
854,"Y","15-49",1979,91111.3283,"Centre-Nord"
854,"Y","15-49",1979,107937.6338,"Centre-Ouest"
854,"Y","15-49",1979,107439.0766,"Est"
854,"Y","15-49",1979,95847.6217,"Nord"
854,"Y","15-49",1979,83259.0524,"Cascades"
854,"Y","15-49",1979,104946.2906,"Hauts Bassins"
854,"Y","15-49",1979,92731.6392,"Sahel"
854,"Y","15-49",1979,87621.4279,"Sud-Ouest"
854,"N","15-49",1980,45260.925,"Centre (including Ouagadougou)"
854,"N","15-49",1980,15670.35,"Boucle de Mouhoun"
854,"N","15-49",1980,18793.65,"Centre-Sud"
854,"N","15-49",1980,20193.75,"Plateau Central"
854,"N","15-49",1980,17797.425,"Centre-Est"
854,"N","15-49",1980,12897.075,"Centre-Nord"
854,"N","15-49",1980,26817.3,"Centre-Ouest"
854,"N","15-49",1980,14808.75,"Est"
854,"N","15-49",1980,19682.175,"Nord"
854,"N","15-49",1980,15589.575,"Cascades"
854,"N","15-49",1980,30694.5,"Hauts Bassins"
854,"N","15-49",1980,11308.5,"Sahel"
854,"N","15-49",1980,19762.95,"Sud-Ouest"
854,"Y","15-49",1980,102727.7099,"Centre (including Ouagadougou)"
854,"Y","15-49",1980,107679.9728,"Boucle de Mouhoun"
854,"Y","15-49",1980,84823.3748,"Centre-Sud"
854,"Y","15-49",1980,92569.2219,"Plateau Central"
854,"Y","15-49",1980,96759.5982,"Centre-Est"
854,"Y","15-49",1980,92823.1841,"Centre-Nord"
854,"Y","15-49",1980,109965.6326,"Centre-Ouest"
854,"Y","15-49",1980,109457.7082,"Est"
854,"Y","15-49",1980,97648.4659,"Nord"
854,"Y","15-49",1980,84823.3748,"Cascades"
854,"Y","15-49",1980,106918.0862,"Hauts Bassins"
854,"Y","15-49",1980,94473.9384,"Sahel"
854,"Y","15-49",1980,89267.7133,"Sud-Ouest"
854,"N","15-49",1981,46648.7586,"Centre (including Ouagadougou)"
854,"N","15-49",1981,16150.8492,"Boucle de Mouhoun"
854,"N","15-49",1981,19369.9188,"Centre-Sud"
854,"N","15-49",1981,20812.95,"Plateau Central"
854,"N","15-49",1981,18343.1466,"Centre-Est"
854,"N","15-49",1981,13292.5374,"Centre-Nord"
854,"N","15-49",1981,27639.5976,"Centre-Ouest"
854,"N","15-49",1981,15262.83,"Est"
854,"N","15-49",1981,20285.6886,"Nord"
854,"N","15-49",1981,16067.5974,"Cascades"
854,"N","15-49",1981,31635.684,"Hauts Bassins"
854,"N","15-49",1981,11655.252,"Sahel"
854,"N","15-49",1981,20368.9404,"Sud-Ouest"
854,"Y","15-49",1981,104414.4749,"Centre (including Ouagadougou)"
854,"Y","15-49",1981,109448.0528,"Boucle de Mouhoun"
854,"Y","15-49",1981,86216.1548,"Centre-Sud"
854,"Y","15-49",1981,94089.1869,"Plateau Central"
854,"Y","15-49",1981,98348.3682,"Centre-Est"
854,"Y","15-49",1981,94347.3191,"Centre-Nord"
854,"Y","15-49",1981,111771.2426,"Centre-Ouest"
854,"Y","15-49",1981,111254.9782,"Est"
854,"Y","15-49",1981,99251.8309,"Nord"
854,"Y","15-49",1981,86216.1548,"Cascades"
854,"Y","15-49",1981,108673.6562,"Hauts Bassins"
854,"Y","15-49",1981,96025.1784,"Sahel"
854,"Y","15-49",1981,90733.4683,"Sud-Ouest"
854,"N","15-49",1982,48270.0831,"Centre (including Ouagadougou)"
854,"N","15-49",1982,16712.1882,"Boucle de Mouhoun"
854,"N","15-49",1982,20043.1398,"Centre-Sud"
854,"N","15-49",1982,21536.325,"Plateau Central"
854,"N","15-49",1982,18980.6811,"Centre-Est"
854,"N","15-49",1982,13754.5329,"Centre-Nord"
854,"N","15-49",1982,28600.2396,"Centre-Ouest"
854,"N","15-49",1982,15793.305,"Est"
854,"N","15-49",1982,20990.7381,"Nord"
854,"N","15-49",1982,16626.0429,"Cascades"
854,"N","15-49",1982,32735.214,"Hauts Bassins"
854,"N","15-49",1982,12060.342,"Sahel"
854,"N","15-49",1982,21076.8834,"Sud-Ouest"
854,"Y","15-49",1982,106420.3095,"Centre (including Ouagadougou)"
854,"Y","15-49",1982,111550.584,"Boucle de Mouhoun"
854,"Y","15-49",1982,87872.394,"Centre-Sud"
854,"Y","15-49",1982,95896.6695,"Plateau Central"
854,"Y","15-49",1982,100237.671,"Centre-Est"
854,"Y","15-49",1982,96159.7605,"Centre-Nord"
854,"Y","15-49",1982,113918.403,"Centre-Ouest"
854,"Y","15-49",1982,113392.221,"Est"
854,"Y","15-49",1982,101158.4895,"Nord"
854,"Y","15-49",1982,87872.394,"Cascades"
854,"Y","15-49",1982,110761.311,"Hauts Bassins"
854,"Y","15-49",1982,97869.852,"Sahel"
854,"Y","15-49",1982,92476.4865,"Sud-Ouest"
854,"N","15-49",1983,50076.3176,"Centre (including Ouagadougou)"
854,"N","15-49",1983,17337.5472,"Boucle de Mouhoun"
854,"N","15-49",1983,20793.1408,"Centre-Sud"
854,"N","15-49",1983,22342.2,"Plateau Central"
854,"N","15-49",1983,19690.9256,"Centre-Est"
854,"N","15-49",1983,14269.2184,"Centre-Nord"
854,"N","15-49",1983,29670.4416,"Centre-Ouest"
854,"N","15-49",1983,16384.28,"Est"
854,"N","15-49",1983,21776.1976,"Nord"
854,"N","15-49",1983,17248.1784,"Cascades"
854,"N","15-49",1983,33960.144,"Hauts Bassins"
854,"N","15-49",1983,12511.632,"Sahel"
854,"N","15-49",1983,21865.5664,"Sud-Ouest"
854,"Y","15-49",1983,108666.498,"Centre (including Ouagadougou)"
854,"Y","15-49",1983,113905.056,"Boucle de Mouhoun"
854,"Y","15-49",1983,89727.096,"Centre-Sud"
854,"Y","15-49",1983,97920.738,"Plateau Central"
854,"Y","15-49",1983,102353.364,"Centre-Est"
854,"Y","15-49",1983,98189.382,"Centre-Nord"
854,"Y","15-49",1983,116322.852,"Centre-Ouest"
854,"Y","15-49",1983,115785.564,"Est"
854,"Y","15-49",1983,103293.618,"Nord"
854,"Y","15-49",1983,89727.096,"Cascades"
854,"Y","15-49",1983,113099.124,"Hauts Bassins"
854,"Y","15-49",1983,99935.568,"Sahel"
854,"Y","15-49",1983,94428.366,"Sud-Ouest"
854,"N","15-49",1984,51993.8343,"Centre (including Ouagadougou)"
854,"N","15-49",1984,18001.4346,"Boucle de Mouhoun"
854,"N","15-49",1984,21589.3494,"Centre-Sud"
854,"N","15-49",1984,23197.725,"Plateau Central"
854,"N","15-49",1984,20444.9283,"Centre-Est"
854,"N","15-49",1984,14815.6137,"Centre-Nord"
854,"N","15-49",1984,30806.5788,"Centre-Ouest"
854,"N","15-49",1984,17011.665,"Est"
854,"N","15-49",1984,22610.0493,"Nord"
854,"N","15-49",1984,17908.6437,"Cascades"
854,"N","15-49",1984,35260.542,"Hauts Bassins"
854,"N","15-49",1984,12990.726,"Sahel"
854,"N","15-49",1984,22702.8402,"Sud-Ouest"
854,"Y","15-49",1984,111063.9695,"Centre (including Ouagadougou)"
854,"Y","15-49",1984,116418.104,"Boucle de Mouhoun"
854,"Y","15-49",1984,91706.714,"Centre-Sud"
854,"Y","15-49",1984,100081.1295,"Plateau Central"
854,"Y","15-49",1984,104611.551,"Centre-Est"
854,"Y","15-49",1984,100355.7005,"Centre-Nord"
854,"Y","15-49",1984,118889.243,"Centre-Ouest"
854,"Y","15-49",1984,118340.101,"Est"
854,"Y","15-49",1984,105572.5495,"Nord"
854,"Y","15-49",1984,91706.714,"Cascades"
854,"Y","15-49",1984,115594.391,"Hauts Bassins"
854,"Y","15-49",1984,102140.412,"Sahel"
854,"Y","15-49",1984,96511.7065,"Sud-Ouest"
854,"N","15-49",1985,53988.1727,"Centre (including Ouagadougou)"
854,"N","15-49",1985,18691.9194,"Boucle de Mouhoun"
854,"N","15-49",1985,22417.4566,"Centre-Sud"
854,"N","15-49",1985,24087.525,"Plateau Central"
854,"N","15-49",1985,21229.1387,"Centre-Est"
854,"N","15-49",1985,15383.8993,"Centre-Nord"
854,"N","15-49",1985,31988.2332,"Centre-Ouest"
854,"N","15-49",1985,17664.185,"Est"
854,"N","15-49",1985,23477.3077,"Nord"
854,"N","15-49",1985,18595.5693,"Cascades"
854,"N","15-49",1985,36613.038,"Hauts Bassins"
854,"N","15-49",1985,13489.014,"Sahel"
854,"N","15-49",1985,23573.6578,"Sud-Ouest"
854,"Y","15-49",1985,113576.6426,"Centre (including Ouagadougou)"
854,"Y","15-49",1985,119051.9072,"Boucle de Mouhoun"
854,"Y","15-49",1985,93781.4552,"Centre-Sud"
854,"Y","15-49",1985,102345.3306,"Plateau Central"
854,"Y","15-49",1985,106978.2468,"Centre-Est"
854,"Y","15-49",1985,102626.1134,"Centre-Nord"
854,"Y","15-49",1985,121578.9524,"Centre-Ouest"
854,"Y","15-49",1985,121017.3868,"Est"
854,"Y","15-49",1985,107960.9866,"Nord"
854,"Y","15-49",1985,93781.4552,"Cascades"
854,"Y","15-49",1985,118209.5588,"Hauts Bassins"
854,"Y","15-49",1985,104451.2016,"Sahel"
854,"Y","15-49",1985,98695.1542,"Sud-Ouest"
854,"N","15-49",1986,55775.7481,"Centre (including Ouagadougou)"
854,"N","15-49",1986,19310.8182,"Boucle de Mouhoun"
854,"N","15-49",1986,23159.7098,"Centre-Sud"
854,"N","15-49",1986,24885.075,"Plateau Central"
854,"N","15-49",1986,21932.0461,"Centre-Est"
854,"N","15-49",1986,15893.2679,"Centre-Nord"
854,"N","15-49",1986,33047.3796,"Centre-Ouest"
854,"N","15-49",1986,18249.055,"Est"
854,"N","15-49",1986,24254.6531,"Nord"
854,"N","15-49",1986,19211.2779,"Cascades"
854,"N","15-49",1986,37825.314,"Hauts Bassins"
854,"N","15-49",1986,13935.642,"Sahel"
854,"N","15-49",1986,24354.1934,"Sud-Ouest"
854,"Y","15-49",1986,115981.3142,"Centre (including Ouagadougou)"
854,"Y","15-49",1986,121572.5024,"Boucle de Mouhoun"
854,"Y","15-49",1986,95767.0184,"Centre-Sud"
854,"Y","15-49",1986,104512.2102,"Plateau Central"
854,"Y","15-49",1986,109243.2156,"Centre-Est"
854,"Y","15-49",1986,104798.9378,"Centre-Nord"
854,"Y","15-49",1986,124153.0508,"Centre-Ouest"
854,"Y","15-49",1986,123579.5956,"Est"
854,"Y","15-49",1986,110246.7622,"Nord"
854,"Y","15-49",1986,95767.0184,"Cascades"
854,"Y","15-49",1986,120712.3196,"Hauts Bassins"
854,"Y","15-49",1986,106662.6672,"Sahel"
854,"Y","15-49",1986,100784.7514,"Sud-Ouest"
854,"N","15-49",1987,57678.1358,"Centre (including Ouagadougou)"
854,"N","15-49",1987,19969.4676,"Boucle de Mouhoun"
854,"N","15-49",1987,23949.6364,"Centre-Sud"
854,"N","15-49",1987,25733.85,"Plateau Central"
854,"N","15-49",1987,22680.0998,"Centre-Est"
854,"N","15-49",1987,16435.3522,"Centre-Nord"
854,"N","15-49",1987,34174.5528,"Centre-Ouest"
854,"N","15-49",1987,18871.49,"Est"
854,"N","15-49",1987,25081.9258,"Nord"
854,"N","15-49",1987,19866.5322,"Cascades"
854,"N","15-49",1987,39115.452,"Hauts Bassins"
854,"N","15-49",1987,14410.956,"Sahel"
854,"N","15-49",1987,25184.8612,"Sud-Ouest"
854,"Y","15-49",1987,118587.4268,"Centre (including Ouagadougou)"
854,"Y","15-49",1987,124304.2496,"Boucle de Mouhoun"
854,"Y","15-49",1987,97918.9136,"Centre-Sud"
854,"Y","15-49",1987,106860.6108,"Plateau Central"
854,"Y","15-49",1987,111697.9224,"Centre-Est"
854,"Y","15-49",1987,107153.7812,"Centre-Nord"
854,"Y","15-49",1987,126942.7832,"Centre-Ouest"
854,"Y","15-49",1987,126356.4424,"Est"
854,"Y","15-49",1987,112724.0188,"Nord"
854,"Y","15-49",1987,97918.9136,"Cascades"
854,"Y","15-49",1987,123424.7384,"Hauts Bassins"
854,"Y","15-49",1987,109059.3888,"Sahel"
854,"Y","15-49",1987,103049.3956,"Sud-Ouest"
854,"N","15-49",1988,59730.3006,"Centre (including Ouagadougou)"
854,"N","15-49",1988,20679.9732,"Boucle de Mouhoun"
854,"N","15-49",1988,24801.7548,"Centre-Sud"
854,"N","15-49",1988,26649.45,"Plateau Central"
854,"N","15-49",1988,23487.0486,"Centre-Est"
854,"N","15-49",1988,17020.1154,"Centre-Nord"
854,"N","15-49",1988,35390.4696,"Centre-Ouest"
854,"N","15-49",1988,19542.93,"Est"
854,"N","15-49",1988,25974.3306,"Nord"
854,"N","15-49",1988,20573.3754,"Cascades"
854,"N","15-49",1988,40507.164,"Hauts Bassins"
854,"N","15-49",1988,14923.692,"Sahel"
854,"N","15-49",1988,26080.9284,"Sud-Ouest"
854,"Y","15-49",1988,121374.8363,"Centre (including Ouagadougou)"
854,"Y","15-49",1988,127226.0336,"Boucle de Mouhoun"
854,"Y","15-49",1988,100220.5076,"Centre-Sud"
854,"Y","15-49",1988,109372.3803,"Plateau Central"
854,"Y","15-49",1988,114323.3934,"Centre-Est"
854,"Y","15-49",1988,109672.4417,"Centre-Nord"
854,"Y","15-49",1988,129926.5862,"Centre-Ouest"
854,"Y","15-49",1988,129326.4634,"Est"
854,"Y","15-49",1988,115373.6083,"Nord"
854,"Y","15-49",1988,100220.5076,"Cascades"
854,"Y","15-49",1988,126325.8494,"Hauts Bassins"
854,"Y","15-49",1988,111622.8408,"Sahel"
854,"Y","15-49",1988,105471.5821,"Sud-Ouest"
854,"N","15-49",1989,61994.6076,"Centre (including Ouagadougou)"
854,"N","15-49",1989,21463.9272,"Boucle de Mouhoun"
854,"N","15-49",1989,25741.9608,"Centre-Sud"
854,"N","15-49",1989,27659.7,"Plateau Central"
854,"N","15-49",1989,24377.4156,"Centre-Est"
854,"N","15-49",1989,17665.3284,"Centre-Nord"
854,"N","15-49",1989,36732.0816,"Centre-Ouest"
854,"N","15-49",1989,20283.78,"Est"
854,"N","15-49",1989,26958.9876,"Nord"
854,"N","15-49",1989,21353.2884,"Cascades"
854,"N","15-49",1989,42042.744,"Hauts Bassins"
854,"N","15-49",1989,15489.432,"Sahel"
854,"N","15-49",1989,27069.6264,"Sud-Ouest"
854,"Y","15-49",1989,124335.21,"Centre (including Ouagadougou)"
854,"Y","15-49",1989,130329.12,"Boucle de Mouhoun"
854,"Y","15-49",1989,102664.92,"Centre-Sud"
854,"Y","15-49",1989,112040.01,"Plateau Central"
854,"Y","15-49",1989,117111.78,"Centre-Est"
854,"Y","15-49",1989,112347.39,"Centre-Nord"
854,"Y","15-49",1989,133095.54,"Centre-Ouest"
854,"Y","15-49",1989,132480.78,"Est"
854,"Y","15-49",1989,118187.61,"Nord"
854,"Y","15-49",1989,102664.92,"Cascades"
854,"Y","15-49",1989,129406.98,"Hauts Bassins"
854,"Y","15-49",1989,114345.36,"Sahel"
854,"Y","15-49",1989,108044.07,"Sud-Ouest"
854,"N","15-49",1990,64518.2929,"Centre (including Ouagadougou)"
854,"N","15-49",1990,22337.6838,"Boucle de Mouhoun"
854,"N","15-49",1990,26789.8682,"Centre-Sud"
854,"N","15-49",1990,28785.675,"Plateau Central"
854,"N","15-49",1990,25369.7749,"Centre-Est"
854,"N","15-49",1990,18384.4511,"Centre-Nord"
854,"N","15-49",1990,38227.3764,"Centre-Ouest"
854,"N","15-49",1990,21109.495,"Est"
854,"N","15-49",1990,28056.4379,"Nord"
854,"N","15-49",1990,22222.5411,"Cascades"
854,"N","15-49",1990,43754.226,"Hauts Bassins"
854,"N","15-49",1990,16119.978,"Sahel"
854,"N","15-49",1990,28171.5806,"Sud-Ouest"
854,"Y","15-49",1990,127471.9457,"Centre (including Ouagadougou)"
854,"Y","15-49",1990,133617.0704,"Boucle de Mouhoun"
854,"Y","15-49",1990,105254.9564,"Centre-Sud"
854,"Y","15-49",1990,114866.5617,"Plateau Central"
854,"Y","15-49",1990,120066.2826,"Centre-Est"
854,"Y","15-49",1990,115181.6963,"Centre-Nord"
854,"Y","15-49",1990,136453.2818,"Centre-Ouest"
854,"Y","15-49",1990,135823.0126,"Est"
854,"Y","15-49",1990,121169.2537,"Nord"
854,"Y","15-49",1990,105254.9564,"Cascades"
854,"Y","15-49",1990,132671.6666,"Hauts Bassins"
854,"Y","15-49",1990,117230.0712,"Sahel"
854,"Y","15-49",1990,110769.8119,"Sud-Ouest"
854,"N","15-49",1991,66999.7851,"Centre (including Ouagadougou)"
854,"N","15-49",1991,23196.8322,"Boucle de Mouhoun"
854,"N","15-49",1991,27820.2558,"Centre-Sud"
854,"N","15-49",1991,29892.825,"Plateau Central"
854,"N","15-49",1991,26345.5431,"Centre-Est"
854,"N","15-49",1991,19091.5509,"Centre-Nord"
854,"N","15-49",1991,39697.6716,"Centre-Ouest"
854,"N","15-49",1991,21921.405,"Est"
854,"N","15-49",1991,29135.5401,"Nord"
854,"N","15-49",1991,23077.2609,"Cascades"
854,"N","15-49",1991,45437.094,"Hauts Bassins"
854,"N","15-49",1991,16739.982,"Sahel"
854,"N","15-49",1991,29255.1114,"Sud-Ouest"
854,"Y","15-49",1991,130541.6153,"Centre (including Ouagadougou)"
854,"Y","15-49",1991,136834.7216,"Boucle de Mouhoun"
854,"Y","15-49",1991,107789.6156,"Centre-Sud"
854,"Y","15-49",1991,117632.6793,"Plateau Central"
854,"Y","15-49",1991,122957.6154,"Centre-Est"
854,"Y","15-49",1991,117955.4027,"Centre-Nord"
854,"Y","15-49",1991,139739.2322,"Centre-Ouest"
854,"Y","15-49",1991,139093.7854,"Est"
854,"Y","15-49",1991,124087.1473,"Nord"
854,"Y","15-49",1991,107789.6156,"Cascades"
854,"Y","15-49",1991,135866.5514,"Hauts Bassins"
854,"Y","15-49",1991,120053.1048,"Sahel"
854,"Y","15-49",1991,113437.2751,"Sud-Ouest"
854,"N","15-49",1992,69752.9269,"Centre (including Ouagadougou)"
854,"N","15-49",1992,24150.0318,"Boucle de Mouhoun"
854,"N","15-49",1992,28963.4402,"Centre-Sud"
854,"N","15-49",1992,31121.175,"Plateau Central"
854,"N","15-49",1992,27428.1289,"Centre-Est"
854,"N","15-49",1992,19876.0571,"Centre-Nord"
854,"N","15-49",1992,41328.9204,"Centre-Ouest"
854,"N","15-49",1992,22822.195,"Est"
854,"N","15-49",1992,30332.7719,"Nord"
854,"N","15-49",1992,24025.5471,"Cascades"
854,"N","15-49",1992,47304.186,"Hauts Bassins"
854,"N","15-49",1992,17427.858,"Sahel"
854,"N","15-49",1992,30457.2566,"Sud-Ouest"
854,"Y","15-49",1992,133805.2831,"Centre (including Ouagadougou)"
854,"Y","15-49",1992,140255.7232,"Boucle de Mouhoun"
854,"Y","15-49",1992,110484.4612,"Centre-Sud"
854,"Y","15-49",1992,120573.6111,"Plateau Central"
854,"Y","15-49",1992,126031.6758,"Centre-Est"
854,"Y","15-49",1992,120904.4029,"Centre-Nord"
854,"Y","15-49",1992,143232.8494,"Centre-Ouest"
854,"Y","15-49",1992,142571.2658,"Est"
854,"Y","15-49",1992,127189.4471,"Nord"
854,"Y","15-49",1992,110484.4612,"Cascades"
854,"Y","15-49",1992,139263.3478,"Hauts Bassins"
854,"Y","15-49",1992,123054.5496,"Sahel"
854,"Y","15-49",1992,116273.3177,"Sud-Ouest"
854,"N","15-49",1993,72754.6886,"Centre (including Ouagadougou)"
854,"N","15-49",1993,25189.3092,"Boucle de Mouhoun"
854,"N","15-49",1993,30209.8588,"Centre-Sud"
854,"N","15-49",1993,32460.45,"Plateau Central"
854,"N","15-49",1993,28608.4766,"Centre-Est"
854,"N","15-49",1993,20731.4074,"Centre-Nord"
854,"N","15-49",1993,43107.4776,"Centre-Ouest"
854,"N","15-49",1993,23804.33,"Est"
854,"N","15-49",1993,31638.1186,"Nord"
854,"N","15-49",1993,25059.4674,"Cascades"
854,"N","15-49",1993,49339.884,"Hauts Bassins"
854,"N","15-49",1993,18177.852,"Sahel"
854,"N","15-49",1993,31767.9604,"Sud-Ouest"
854,"Y","15-49",1993,137286.5719,"Centre (including Ouagadougou)"
854,"Y","15-49",1993,143904.8368,"Boucle de Mouhoun"
854,"Y","15-49",1993,113358.9988,"Centre-Sud"
854,"Y","15-49",1993,123710.6439,"Plateau Central"
854,"Y","15-49",1993,129310.7142,"Centre-Est"
854,"Y","15-49",1993,124050.0421,"Centre-Nord"
854,"Y","15-49",1993,146959.4206,"Centre-Ouest"
854,"Y","15-49",1993,146280.6242,"Est"
854,"Y","15-49",1993,130498.6079,"Nord"
854,"Y","15-49",1993,113358.9988,"Cascades"
854,"Y","15-49",1993,142886.6422,"Hauts Bassins"
854,"Y","15-49",1993,126256.1304,"Sahel"
854,"Y","15-49",1993,119298.4673,"Sud-Ouest"
854,"N","15-49",1994,75957.8341,"Centre (including Ouagadougou)"
854,"N","15-49",1994,26298.3102,"Boucle de Mouhoun"
854,"N","15-49",1994,31539.8978,"Centre-Sud"
854,"N","15-49",1994,33889.575,"Plateau Central"
854,"N","15-49",1994,29868.0121,"Centre-Est"
854,"N","15-49",1994,21644.1419,"Centre-Nord"
854,"N","15-49",1994,45005.3556,"Centre-Ouest"
854,"N","15-49",1994,24852.355,"Est"
854,"N","15-49",1994,33031.0391,"Nord"
854,"N","15-49",1994,26162.7519,"Cascades"
854,"N","15-49",1994,51512.154,"Hauts Bassins"
854,"N","15-49",1994,18978.162,"Sahel"
854,"N","15-49",1994,33166.5974,"Sud-Ouest"
854,"Y","15-49",1994,141024.1519,"Centre (including Ouagadougou)"
854,"Y","15-49",1994,147822.5968,"Boucle de Mouhoun"
854,"Y","15-49",1994,116445.1588,"Centre-Sud"
854,"Y","15-49",1994,127078.6239,"Plateau Central"
854,"Y","15-49",1994,132831.1542,"Centre-Est"
854,"Y","15-49",1994,127427.2621,"Centre-Nord"
854,"Y","15-49",1994,150960.3406,"Centre-Ouest"
854,"Y","15-49",1994,150263.0642,"Est"
854,"Y","15-49",1994,134051.3879,"Nord"
854,"Y","15-49",1994,116445.1588,"Cascades"
854,"Y","15-49",1994,146776.6822,"Hauts Bassins"
854,"Y","15-49",1994,129693.4104,"Sahel"
854,"Y","15-49",1994,122546.3273,"Sud-Ouest"
854,"N","15-49",1995,79331.2649,"Centre (including Ouagadougou)"
854,"N","15-49",1995,27466.2678,"Boucle de Mouhoun"
854,"N","15-49",1995,32940.6442,"Centre-Sud"
854,"N","15-49",1995,35394.675,"Plateau Central"
854,"N","15-49",1995,31194.5069,"Centre-Est"
854,"N","15-49",1995,22605.3991,"Centre-Nord"
854,"N","15-49",1995,47004.1284,"Centre-Ouest"
854,"N","15-49",1995,25956.095,"Est"
854,"N","15-49",1995,34498.0099,"Nord"
854,"N","15-49",1995,27324.6891,"Cascades"
854,"N","15-49",1995,53799.906,"Hauts Bassins"
854,"N","15-49",1995,19821.018,"Sahel"
854,"N","15-49",1995,34639.5886,"Sud-Ouest"
854,"Y","15-49",1995,145038.5717,"Centre (including Ouagadougou)"
854,"Y","15-49",1995,152030.5424,"Boucle de Mouhoun"
854,"Y","15-49",1995,119759.9084,"Centre-Sud"
854,"Y","15-49",1995,130696.0677,"Plateau Central"
854,"Y","15-49",1995,136612.3506,"Centre-Est"
854,"Y","15-49",1995,131054.6303,"Centre-Nord"
854,"Y","15-49",1995,155257.6058,"Centre-Ouest"
854,"Y","15-49",1995,154540.4806,"Est"
854,"Y","15-49",1995,137867.3197,"Nord"
854,"Y","15-49",1995,119759.9084,"Cascades"
854,"Y","15-49",1995,150954.8546,"Hauts Bassins"
854,"Y","15-49",1995,133385.2872,"Sahel"
854,"Y","15-49",1995,126034.7539,"Sud-Ouest"
854,"N","15-49",1996,82478.6012,"Centre (including Ouagadougou)"
854,"N","15-49",1996,28555.9464,"Boucle de Mouhoun"
854,"N","15-49",1996,34247.5096,"Centre-Sud"
854,"N","15-49",1996,36798.9,"Plateau Central"
854,"N","15-49",1996,32432.0972,"Centre-Est"
854,"N","15-49",1996,23502.2308,"Centre-Nord"
854,"N","15-49",1996,48868.9392,"Centre-Ouest"
854,"N","15-49",1996,26985.86,"Est"
854,"N","15-49",1996,35866.6612,"Nord"
854,"N","15-49",1996,28408.7508,"Cascades"
854,"N","15-49",1996,55934.328,"Hauts Bassins"
854,"N","15-49",1996,20607.384,"Sahel"
854,"N","15-49",1996,36013.8568,"Sud-Ouest"
854,"Y","15-49",1996,148887.7128,"Centre (including Ouagadougou)"
854,"Y","15-49",1996,156065.2416,"Boucle de Mouhoun"
854,"Y","15-49",1996,122938.1856,"Centre-Sud"
854,"Y","15-49",1996,134164.5768,"Plateau Central"
854,"Y","15-49",1996,140237.8704,"Centre-Est"
854,"Y","15-49",1996,134532.6552,"Centre-Nord"
854,"Y","15-49",1996,159377.9472,"Centre-Ouest"
854,"Y","15-49",1996,158641.7904,"Est"
854,"Y","15-49",1996,141526.1448,"Nord"
854,"Y","15-49",1996,122938.1856,"Cascades"
854,"Y","15-49",1996,154961.0064,"Hauts Bassins"
854,"Y","15-49",1996,136925.1648,"Sahel"
854,"Y","15-49",1996,129379.5576,"Sud-Ouest"
854,"N","15-49",1997,85855.0578,"Centre (including Ouagadougou)"
854,"N","15-49",1997,29724.9516,"Boucle de Mouhoun"
854,"N","15-49",1997,35649.5124,"Centre-Sud"
854,"N","15-49",1997,38305.35,"Plateau Central"
854,"N","15-49",1997,33759.7818,"Centre-Est"
854,"N","15-49",1997,24464.3502,"Centre-Nord"
854,"N","15-49",1997,50869.5048,"Centre-Ouest"
854,"N","15-49",1997,28090.59,"Est"
854,"N","15-49",1997,37334.9478,"Nord"
854,"N","15-49",1997,29571.7302,"Cascades"
854,"N","15-49",1997,58224.132,"Hauts Bassins"
854,"N","15-49",1997,21450.996,"Sahel"
854,"N","15-49",1997,37488.1692,"Sud-Ouest"
854,"Y","15-49",1997,153074.2069,"Centre (including Ouagadougou)"
854,"Y","15-49",1997,160453.5568,"Boucle de Mouhoun"
854,"Y","15-49",1997,126395.0188,"Centre-Sud"
854,"Y","15-49",1997,137937.0789,"Plateau Central"
854,"Y","15-49",1997,144181.1442,"Centre-Est"
854,"Y","15-49",1997,138315.5071,"Centre-Nord"
854,"Y","15-49",1997,163859.4106,"Centre-Ouest"
854,"Y","15-49",1997,163102.5542,"Est"
854,"Y","15-49",1997,145505.6429,"Nord"
854,"Y","15-49",1997,126395.0188,"Cascades"
854,"Y","15-49",1997,159318.2722,"Hauts Bassins"
854,"Y","15-49",1997,140775.2904,"Sahel"
854,"Y","15-49",1997,133017.5123,"Sud-Ouest"
854,"N","15-49",1998,89415.0796,"Centre (including Ouagadougou)"
854,"N","15-49",1998,30957.5112,"Boucle de Mouhoun"
854,"N","15-49",1998,37127.7368,"Centre-Sud"
854,"N","15-49",1998,39893.7,"Plateau Central"
854,"N","15-49",1998,35159.6476,"Centre-Est"
854,"N","15-49",1998,25478.7764,"Centre-Nord"
854,"N","15-49",1998,52978.8336,"Centre-Ouest"
854,"N","15-49",1998,29255.38,"Est"
854,"N","15-49",1998,38883.0596,"Nord"
854,"N","15-49",1998,30797.9364,"Cascades"
854,"N","15-49",1998,60638.424,"Hauts Bassins"
854,"N","15-49",1998,22340.472,"Sahel"
854,"N","15-49",1998,39042.6344,"Sud-Ouest"
854,"Y","15-49",1998,157546.3589,"Centre (including Ouagadougou)"
854,"Y","15-49",1998,165141.3008,"Boucle de Mouhoun"
854,"Y","15-49",1998,130087.7228,"Centre-Sud"
854,"Y","15-49",1998,141966.9909,"Plateau Central"
854,"Y","15-49",1998,148393.4802,"Centre-Est"
854,"Y","15-49",1998,142356.4751,"Centre-Nord"
854,"Y","15-49",1998,168646.6586,"Centre-Ouest"
854,"Y","15-49",1998,167867.6902,"Est"
854,"Y","15-49",1998,149756.6749,"Nord"
854,"Y","15-49",1998,130087.7228,"Cascades"
854,"Y","15-49",1998,163972.8482,"Hauts Bassins"
854,"Y","15-49",1998,144888.1224,"Sahel"
854,"Y","15-49",1998,136903.6963,"Sud-Ouest"
854,"N","15-49",1999,93093.6119,"Centre (including Ouagadougou)"
854,"N","15-49",1999,32231.1018,"Boucle de Mouhoun"
854,"N","15-49",1999,38655.1702,"Centre-Sud"
854,"N","15-49",1999,41534.925,"Plateau Central"
854,"N","15-49",1999,36606.1139,"Centre-Est"
854,"N","15-49",1999,26526.9721,"Centre-Nord"
854,"N","15-49",1999,55158.3804,"Centre-Ouest"
854,"N","15-49",1999,30458.945,"Est"
854,"N","15-49",1999,40482.7069,"Nord"
854,"N","15-49",1999,32064.9621,"Cascades"
854,"N","15-49",1999,63133.086,"Hauts Bassins"
854,"N","15-49",1999,23259.558,"Sahel"
854,"N","15-49",1999,40648.8466,"Sud-Ouest"
854,"Y","15-49",1999,162245.3545,"Centre (including Ouagadougou)"
854,"Y","15-49",1999,170066.824,"Boucle de Mouhoun"
854,"Y","15-49",1999,133967.734,"Centre-Sud"
854,"Y","15-49",1999,146201.3145,"Plateau Central"
854,"Y","15-49",1999,152819.481,"Centre-Est"
854,"Y","15-49",1999,146602.4155,"Centre-Nord"
854,"Y","15-49",1999,173676.733,"Centre-Ouest"
854,"Y","15-49",1999,172874.531,"Est"
854,"Y","15-49",1999,154223.3345,"Nord"
854,"Y","15-49",1999,133967.734,"Cascades"
854,"Y","15-49",1999,168863.521,"Hauts Bassins"
854,"Y","15-49",1999,149209.572,"Sahel"
854,"Y","15-49",1999,140987.0015,"Sud-Ouest"
854,"N","15-49",2000,96857.8752,"Centre (including Ouagadougou)"
854,"N","15-49",2000,33534.3744,"Boucle de Mouhoun"
854,"N","15-49",2000,40218.2016,"Centre-Sud"
854,"N","15-49",2000,43214.4,"Plateau Central"
854,"N","15-49",2000,38086.2912,"Centre-Est"
854,"N","15-49",2000,27599.5968,"Centre-Nord"
854,"N","15-49",2000,57388.7232,"Centre-Ouest"
854,"N","15-49",2000,31690.56,"Est"
854,"N","15-49",2000,42119.6352,"Nord"
854,"N","15-49",2000,33361.5168,"Cascades"
854,"N","15-49",2000,65685.888,"Hauts Bassins"
854,"N","15-49",2000,24200.064,"Sahel"
854,"N","15-49",2000,42292.4928,"Sud-Ouest"
854,"Y","15-49",2000,167144.8203,"Centre (including Ouagadougou)"
854,"Y","15-49",2000,175202.4816,"Boucle de Mouhoun"
854,"Y","15-49",2000,138013.2756,"Centre-Sud"
854,"Y","15-49",2000,150616.2843,"Plateau Central"
854,"Y","15-49",2000,157434.3054,"Centre-Est"
854,"Y","15-49",2000,151029.4977,"Centre-Nord"
854,"Y","15-49",2000,178921.4022,"Centre-Ouest"
854,"Y","15-49",2000,178094.9754,"Est"
854,"Y","15-49",2000,158880.5523,"Nord"
854,"Y","15-49",2000,138013.2756,"Cascades"
854,"Y","15-49",2000,173962.8414,"Hauts Bassins"
854,"Y","15-49",2000,153715.3848,"Sahel"
854,"Y","15-49",2000,145244.5101,"Sud-Ouest"
854,"N","15-49",2001,100280.8955,"Centre (including Ouagadougou)"
854,"N","15-49",2001,34719.501,"Boucle de Mouhoun"
854,"N","15-49",2001,41639.539,"Centre-Sud"
854,"N","15-49",2001,44741.625,"Plateau Central"
854,"N","15-49",2001,39432.2855,"Centre-Est"
854,"N","15-49",2001,28574.9845,"Centre-Nord"
854,"N","15-49",2001,59416.878,"Centre-Ouest"
854,"N","15-49",2001,32810.525,"Est"
854,"N","15-49",2001,43608.1705,"Nord"
854,"N","15-49",2001,34540.5345,"Cascades"
854,"N","15-49",2001,68007.27,"Hauts Bassins"
854,"N","15-49",2001,25055.31,"Sahel"
854,"N","15-49",2001,43787.137,"Sud-Ouest"
854,"Y","15-49",2001,171809.5952,"Centre (including Ouagadougou)"
854,"Y","15-49",2001,180092.1344,"Boucle de Mouhoun"
854,"Y","15-49",2001,141865.0304,"Centre-Sud"
854,"Y","15-49",2001,154819.7712,"Plateau Central"
854,"Y","15-49",2001,161828.0736,"Centre-Est"
854,"Y","15-49",2001,155244.5168,"Centre-Nord"
854,"Y","15-49",2001,183914.8448,"Centre-Ouest"
854,"Y","15-49",2001,183065.3536,"Est"
854,"Y","15-49",2001,163314.6832,"Nord"
854,"Y","15-49",2001,141865.0304,"Cascades"
854,"Y","15-49",2001,178817.8976,"Hauts Bassins"
854,"Y","15-49",2001,158005.3632,"Sahel"
854,"Y","15-49",2001,149298.0784,"Sud-Ouest"
854,"N","15-49",2002,103847.137,"Centre (including Ouagadougou)"
854,"N","15-49",2002,35954.214,"Boucle de Mouhoun"
854,"N","15-49",2002,43120.346,"Centre-Sud"
854,"N","15-49",2002,46332.75,"Plateau Central"
854,"N","15-49",2002,40834.597,"Centre-Est"
854,"N","15-49",2002,29591.183,"Centre-Nord"
854,"N","15-49",2002,61529.892,"Centre-Ouest"
854,"N","15-49",2002,33977.35,"Est"
854,"N","15-49",2002,45158.987,"Nord"
854,"N","15-49",2002,35768.883,"Cascades"
854,"N","15-49",2002,70425.78,"Hauts Bassins"
854,"N","15-49",2002,25946.34,"Sahel"
854,"N","15-49",2002,45344.318,"Sud-Ouest"
854,"Y","15-49",2002,176768.4416,"Centre (including Ouagadougou)"
854,"Y","15-49",2002,185290.0352,"Boucle de Mouhoun"
854,"Y","15-49",2002,145959.6032,"Centre-Sud"
854,"Y","15-49",2002,159288.2496,"Plateau Central"
854,"Y","15-49",2002,166498.8288,"Centre-Est"
854,"Y","15-49",2002,159725.2544,"Centre-Nord"
854,"Y","15-49",2002,189223.0784,"Centre-Ouest"
854,"Y","15-49",2002,188349.0688,"Est"
854,"Y","15-49",2002,168028.3456,"Nord"
854,"Y","15-49",2002,145959.6032,"Cascades"
854,"Y","15-49",2002,183979.0208,"Hauts Bassins"
854,"Y","15-49",2002,162565.7856,"Sahel"
854,"Y","15-49",2002,153607.1872,"Sud-Ouest"
854,"N","15-49",2003,107586.3534,"Centre (including Ouagadougou)"
854,"N","15-49",2003,37248.8148,"Boucle de Mouhoun"
854,"N","15-49",2003,44672.9772,"Centre-Sud"
854,"N","15-49",2003,48001.05,"Plateau Central"
854,"N","15-49",2003,42304.9254,"Centre-Est"
854,"N","15-49",2003,30656.6706,"Centre-Nord"
854,"N","15-49",2003,63745.3944,"Centre-Ouest"
854,"N","15-49",2003,35200.77,"Est"
854,"N","15-49",2003,46785.0234,"Nord"
854,"N","15-49",2003,37056.8106,"Cascades"
854,"N","15-49",2003,72961.596,"Hauts Bassins"
854,"N","15-49",2003,26880.588,"Sahel"
854,"N","15-49",2003,46977.0276,"Sud-Ouest"
854,"Y","15-49",2003,181990.6175,"Centre (including Ouagadougou)"
854,"Y","15-49",2003,190763.96,"Boucle de Mouhoun"
854,"Y","15-49",2003,150271.61,"Centre-Sud"
854,"Y","15-49",2003,163994.0175,"Plateau Central"
854,"Y","15-49",2003,171417.615,"Centre-Est"
854,"Y","15-49",2003,164443.9325,"Centre-Nord"
854,"Y","15-49",2003,194813.195,"Centre-Ouest"
854,"Y","15-49",2003,193913.365,"Est"
854,"Y","15-49",2003,172992.3175,"Nord"
854,"Y","15-49",2003,150271.61,"Cascades"
854,"Y","15-49",2003,189414.215,"Hauts Bassins"
854,"Y","15-49",2003,167368.38,"Sahel"
854,"Y","15-49",2003,158145.1225,"Sud-Ouest"
854,"N","15-49",2004,111546.4532,"Centre (including Ouagadougou)"
854,"N","15-49",2004,38619.8904,"Boucle de Mouhoun"
854,"N","15-49",2004,46317.3256,"Centre-Sud"
854,"N","15-49",2004,49767.9,"Plateau Central"
854,"N","15-49",2004,43862.1092,"Centre-Est"
854,"N","15-49",2004,31785.0988,"Centre-Nord"
854,"N","15-49",2004,66091.7712,"Centre-Ouest"
854,"N","15-49",2004,36496.46,"Est"
854,"N","15-49",2004,48507.1132,"Nord"
854,"N","15-49",2004,38420.8188,"Cascades"
854,"N","15-49",2004,75647.208,"Hauts Bassins"
854,"N","15-49",2004,27870.024,"Sahel"
854,"N","15-49",2004,48706.1848,"Sud-Ouest"
854,"Y","15-49",2004,187443.3584,"Centre (including Ouagadougou)"
854,"Y","15-49",2004,196479.5648,"Boucle de Mouhoun"
854,"Y","15-49",2004,154773.9968,"Centre-Sud"
854,"Y","15-49",2004,168907.5504,"Plateau Central"
854,"Y","15-49",2004,176553.5712,"Centre-Est"
854,"Y","15-49",2004,169370.9456,"Centre-Nord"
854,"Y","15-49",2004,200650.1216,"Centre-Ouest"
854,"Y","15-49",2004,199723.3312,"Est"
854,"Y","15-49",2004,178175.4544,"Nord"
854,"Y","15-49",2004,154773.9968,"Cascades"
854,"Y","15-49",2004,195089.3792,"Hauts Bassins"
854,"Y","15-49",2004,172383.0144,"Sahel"
854,"Y","15-49",2004,162883.4128,"Sud-Ouest"
854,"N","15-49",2005,115761.8969,"Centre (including Ouagadougou)"
854,"N","15-49",2005,40079.3718,"Boucle de Mouhoun"
854,"N","15-49",2005,48067.7002,"Centre-Sud"
854,"N","15-49",2005,51648.675,"Plateau Central"
854,"N","15-49",2005,45519.6989,"Centre-Est"
854,"N","15-49",2005,32986.2871,"Centre-Nord"
854,"N","15-49",2005,68589.4404,"Centre-Ouest"
854,"N","15-49",2005,37875.695,"Est"
854,"N","15-49",2005,50340.2419,"Nord"
854,"N","15-49",2005,39872.7771,"Cascades"
854,"N","15-49",2005,78505.986,"Hauts Bassins"
854,"N","15-49",2005,28923.258,"Sahel"
854,"N","15-49",2005,50546.8366,"Sud-Ouest"
854,"Y","15-49",2005,193103.5269,"Centre (including Ouagadougou)"
854,"Y","15-49",2005,202412.5968,"Boucle de Mouhoun"
854,"Y","15-49",2005,159447.6588,"Centre-Sud"
854,"Y","15-49",2005,174007.9989,"Plateau Central"
854,"Y","15-49",2005,181884.9042,"Centre-Est"
854,"Y","15-49",2005,174485.3871,"Centre-Nord"
854,"Y","15-49",2005,206709.0906,"Centre-Ouest"
854,"Y","15-49",2005,205754.3142,"Est"
854,"Y","15-49",2005,183555.7629,"Nord"
854,"Y","15-49",2005,159447.6588,"Cascades"
854,"Y","15-49",2005,200980.4322,"Hauts Bassins"
854,"Y","15-49",2005,177588.4104,"Sahel"
854,"Y","15-49",2005,167801.9523,"Sud-Ouest"
854,"N","15-49",2006,119777.1335,"Centre (including Ouagadougou)"
854,"N","15-49",2006,41469.537,"Boucle de Mouhoun"
854,"N","15-49",2006,49734.943,"Centre-Sud"
854,"N","15-49",2006,53440.125,"Plateau Central"
854,"N","15-49",2006,47098.5635,"Centre-Est"
854,"N","15-49",2006,34130.4265,"Centre-Nord"
854,"N","15-49",2006,70968.486,"Centre-Ouest"
854,"N","15-49",2006,39189.425,"Est"
854,"N","15-49",2006,52086.3085,"Nord"
854,"N","15-49",2006,41255.7765,"Cascades"
854,"N","15-49",2006,81228.99,"Hauts Bassins"
854,"N","15-49",2006,29926.47,"Sahel"
854,"N","15-49",2006,52300.069,"Sud-Ouest"
854,"Y","15-49",2006,198513.0672,"Centre (including Ouagadougou)"
854,"Y","15-49",2006,208082.9184,"Boucle de Mouhoun"
854,"Y","15-49",2006,163914.3744,"Centre-Sud"
854,"Y","15-49",2006,178882.6032,"Plateau Central"
854,"Y","15-49",2006,186980.1696,"Centre-Est"
854,"Y","15-49",2006,179373.3648,"Centre-Nord"
854,"Y","15-49",2006,212499.7728,"Centre-Ouest"
854,"Y","15-49",2006,211518.2496,"Est"
854,"Y","15-49",2006,188697.8352,"Nord"
854,"Y","15-49",2006,163914.3744,"Cascades"
854,"Y","15-49",2006,206610.6336,"Hauts Bassins"
854,"Y","15-49",2006,182563.3152,"Sahel"
854,"Y","15-49",2006,172502.7024,"Sud-Ouest"
854,"N","15-49",2007,124101.6741,"Centre (including Ouagadougou)"
854,"N","15-49",2007,42966.7902,"Boucle de Mouhoun"
854,"N","15-49",2007,51530.6178,"Centre-Sud"
854,"N","15-49",2007,55369.575,"Plateau Central"
854,"N","15-49",2007,48799.0521,"Centre-Est"
854,"N","15-49",2007,35362.7019,"Centre-Nord"
854,"N","15-49",2007,73530.7956,"Centre-Ouest"
854,"N","15-49",2007,40604.355,"Est"
854,"N","15-49",2007,53966.8791,"Nord"
854,"N","15-49",2007,42745.3119,"Cascades"
854,"N","15-49",2007,84161.754,"Hauts Bassins"
854,"N","15-49",2007,31006.962,"Sahel"
854,"N","15-49",2007,54188.3574,"Sud-Ouest"
854,"Y","15-49",2007,204187.0696,"Centre (including Ouagadougou)"
854,"Y","15-49",2007,214030.4512,"Boucle de Mouhoun"
854,"Y","15-49",2007,168599.4592,"Centre-Sud"
854,"Y","15-49",2007,183995.5176,"Plateau Central"
854,"Y","15-49",2007,192324.5328,"Centre-Est"
854,"Y","15-49",2007,184500.3064,"Centre-Nord"
854,"Y","15-49",2007,218573.5504,"Centre-Ouest"
854,"Y","15-49",2007,217563.9728,"Est"
854,"Y","15-49",2007,194091.2936,"Nord"
854,"Y","15-49",2007,168599.4592,"Cascades"
854,"Y","15-49",2007,212516.0848,"Hauts Bassins"
854,"Y","15-49",2007,187781.4336,"Sahel"
854,"Y","15-49",2007,177433.2632,"Sud-Ouest"
854,"N","15-49",2008,128735.5187,"Centre (including Ouagadougou)"
854,"N","15-49",2008,44571.1314,"Boucle de Mouhoun"
854,"N","15-49",2008,53454.7246,"Centre-Sud"
854,"N","15-49",2008,57437.025,"Plateau Central"
854,"N","15-49",2008,50621.1647,"Centre-Est"
854,"N","15-49",2008,36683.1133,"Centre-Nord"
854,"N","15-49",2008,76276.3692,"Centre-Ouest"
854,"N","15-49",2008,42120.485,"Est"
854,"N","15-49",2008,55981.9537,"Nord"
854,"N","15-49",2008,44341.3833,"Cascades"
854,"N","15-49",2008,87304.278,"Hauts Bassins"
854,"N","15-49",2008,32164.734,"Sahel"
854,"N","15-49",2008,56211.7018,"Sud-Ouest"
854,"Y","15-49",2008,210107.4125,"Centre (including Ouagadougou)"
854,"Y","15-49",2008,220236.2,"Boucle de Mouhoun"
854,"Y","15-49",2008,173487.95,"Centre-Sud"
854,"Y","15-49",2008,189330.4125,"Plateau Central"
854,"Y","15-49",2008,197900.925,"Centre-Est"
854,"Y","15-49",2008,189849.8375,"Centre-Nord"
854,"Y","15-49",2008,224911.025,"Centre-Ouest"
854,"Y","15-49",2008,223872.175,"Est"
854,"Y","15-49",2008,199718.9125,"Nord"
854,"Y","15-49",2008,173487.95,"Cascades"
854,"Y","15-49",2008,218677.925,"Hauts Bassins"
854,"Y","15-49",2008,193226.1,"Sahel"
854,"Y","15-49",2008,182577.8875,"Sud-Ouest"
854,"N","15-49",2009,133674.1286,"Centre (including Ouagadougou)"
854,"N","15-49",2009,46280.9892,"Boucle de Mouhoun"
854,"N","15-49",2009,55505.3788,"Centre-Sud"
854,"N","15-49",2009,59640.45,"Plateau Central"
854,"N","15-49",2009,52563.1166,"Centre-Est"
854,"N","15-49",2009,38090.3674,"Centre-Nord"
854,"N","15-49",2009,79202.5176,"Centre-Ouest"
854,"N","15-49",2009,43736.33,"Est"
854,"N","15-49",2009,58129.5586,"Nord"
854,"N","15-49",2009,46042.4274,"Cascades"
854,"N","15-49",2009,90653.484,"Hauts Bassins"
854,"N","15-49",2009,33398.652,"Sahel"
854,"N","15-49",2009,58368.1204,"Sud-Ouest"
854,"Y","15-49",2009,216282.2668,"Centre (including Ouagadougou)"
854,"Y","15-49",2009,226708.7296,"Boucle de Mouhoun"
854,"Y","15-49",2009,178586.5936,"Centre-Sud"
854,"Y","15-49",2009,194894.6508,"Plateau Central"
854,"Y","15-49",2009,203717.0424,"Centre-Est"
854,"Y","15-49",2009,195429.3412,"Centre-Nord"
854,"Y","15-49",2009,231520.9432,"Centre-Ouest"
854,"Y","15-49",2009,230451.5624,"Est"
854,"Y","15-49",2009,205588.4588,"Nord"
854,"Y","15-49",2009,178586.5936,"Cascades"
854,"Y","15-49",2009,225104.6584,"Hauts Bassins"
854,"Y","15-49",2009,198904.8288,"Sahel"
854,"Y","15-49",2009,187943.6756,"Sud-Ouest"
854,"N","15-49",2010,138912.4608,"Centre (including Ouagadougou)"
854,"N","15-49",2010,48094.6176,"Boucle de Mouhoun"
854,"N","15-49",2010,57680.4864,"Centre-Sud"
854,"N","15-49",2010,61977.6,"Plateau Central"
854,"N","15-49",2010,54622.9248,"Centre-Est"
854,"N","15-49",2010,39583.0272,"Centre-Nord"
854,"N","15-49",2010,82306.2528,"Centre-Ouest"
854,"N","15-49",2010,45450.24,"Est"
854,"N","15-49",2010,60407.5008,"Nord"
854,"N","15-49",2010,47846.7072,"Cascades"
854,"N","15-49",2010,94205.952,"Hauts Bassins"
854,"N","15-49",2010,34707.456,"Sahel"
854,"N","15-49",2010,60655.4112,"Sud-Ouest"
854,"Y","15-49",2010,222719.318,"Centre (including Ouagadougou)"
854,"Y","15-49",2010,233456.096,"Boucle de Mouhoun"
854,"Y","15-49",2010,183901.736,"Centre-Sud"
854,"Y","15-49",2010,200695.158,"Plateau Central"
854,"Y","15-49",2010,209780.124,"Centre-Est"
854,"Y","15-49",2010,201245.762,"Centre-Nord"
854,"Y","15-49",2010,238411.532,"Centre-Ouest"
854,"Y","15-49",2010,237310.324,"Est"
854,"Y","15-49",2010,211707.238,"Nord"
854,"Y","15-49",2010,183901.736,"Cascades"
854,"Y","15-49",2010,231804.284,"Hauts Bassins"
854,"Y","15-49",2010,204824.688,"Sahel"
854,"Y","15-49",2010,193537.306,"Sud-Ouest"
854,"N","15-49",2011,144137.6812,"Centre (including Ouagadougou)"
854,"N","15-49",2011,49903.7064,"Boucle de Mouhoun"
854,"N","15-49",2011,59850.1496,"Centre-Sud"
854,"N","15-49",2011,64308.9,"Plateau Central"
854,"N","15-49",2011,56677.5772,"Centre-Est"
854,"N","15-49",2011,41071.9508,"Centre-Nord"
854,"N","15-49",2011,85402.2192,"Centre-Ouest"
854,"N","15-49",2011,47159.86,"Est"
854,"N","15-49",2011,62679.7412,"Nord"
854,"N","15-49",2011,49646.4708,"Cascades"
854,"N","15-49",2011,97749.528,"Hauts Bassins"
854,"N","15-49",2011,36012.984,"Sahel"
854,"N","15-49",2011,62936.9768,"Sud-Ouest"
854,"Y","15-49",2011,228926.4514,"Centre (including Ouagadougou)"
854,"Y","15-49",2011,239962.4608,"Boucle de Mouhoun"
854,"Y","15-49",2011,189027.0328,"Centre-Sud"
854,"Y","15-49",2011,206288.4834,"Plateau Central"
854,"Y","15-49",2011,215626.6452,"Centre-Est"
854,"Y","15-49",2011,206854.4326,"Centre-Nord"
854,"Y","15-49",2011,245056.0036,"Centre-Ouest"
854,"Y","15-49",2011,243924.1052,"Est"
854,"Y","15-49",2011,217607.4674,"Nord"
854,"Y","15-49",2011,189027.0328,"Cascades"
854,"Y","15-49",2011,238264.6132,"Hauts Bassins"
854,"Y","15-49",2011,210533.1024,"Sahel"
854,"Y","15-49",2011,198931.1438,"Sud-Ouest"
854,"N","15-49",2012,149902.5026,"Centre (including Ouagadougou)"
854,"N","15-49",2012,51899.6172,"Boucle de Mouhoun"
854,"N","15-49",2012,62243.8708,"Centre-Sud"
854,"N","15-49",2012,66880.95,"Plateau Central"
854,"N","15-49",2012,58944.4106,"Centre-Est"
854,"N","15-49",2012,42714.6334,"Centre-Nord"
854,"N","15-49",2012,88817.9016,"Centre-Ouest"
854,"N","15-49",2012,49046.03,"Est"
854,"N","15-49",2012,65186.6326,"Nord"
854,"N","15-49",2012,51632.0934,"Cascades"
854,"N","15-49",2012,101659.044,"Hauts Bassins"
854,"N","15-49",2012,37453.332,"Sahel"
854,"N","15-49",2012,65454.1564,"Sud-Ouest"
854,"Y","15-49",2012,235442.5419,"Centre (including Ouagadougou)"
854,"Y","15-49",2012,246792.6768,"Boucle de Mouhoun"
854,"Y","15-49",2012,194407.4388,"Centre-Sud"
854,"Y","15-49",2012,212160.2139,"Plateau Central"
854,"Y","15-49",2012,221764.1742,"Centre-Est"
854,"Y","15-49",2012,212742.2721,"Centre-Nord"
854,"Y","15-49",2012,252031.2006,"Centre-Ouest"
854,"Y","15-49",2012,250867.0842,"Est"
854,"Y","15-49",2012,223801.3779,"Nord"
854,"Y","15-49",2012,194407.4388,"Cascades"
854,"Y","15-49",2012,245046.5022,"Hauts Bassins"
854,"Y","15-49",2012,216525.6504,"Sahel"
854,"Y","15-49",2012,204593.4573,"Sud-Ouest"
854,"N","15-49",2013,156194.3175,"Centre (including Ouagadougou)"
854,"N","15-49",2013,54077.985,"Boucle de Mouhoun"
854,"N","15-49",2013,64856.415,"Centre-Sud"
854,"N","15-49",2013,69688.125,"Plateau Central"
854,"N","15-49",2013,61418.4675,"Centre-Est"
854,"N","15-49",2013,44507.4825,"Centre-Nord"
854,"N","15-49",2013,92545.83,"Centre-Ouest"
854,"N","15-49",2013,51104.625,"Est"
854,"N","15-49",2013,67922.6925,"Nord"
854,"N","15-49",2013,53799.2325,"Cascades"
854,"N","15-49",2013,105925.95,"Hauts Bassins"
854,"N","15-49",2013,39025.35,"Sahel"
854,"N","15-49",2013,68201.445,"Sud-Ouest"
854,"Y","15-49",2013,242187.4985,"Centre (including Ouagadougou)"
854,"Y","15-49",2013,253862.792,"Boucle de Mouhoun"
854,"Y","15-49",2013,199976.822,"Centre-Sud"
854,"Y","15-49",2013,218238.1785,"Plateau Central"
854,"Y","15-49",2013,228117.273,"Centre-Est"
854,"Y","15-49",2013,218836.9115,"Centre-Nord"
854,"Y","15-49",2013,259251.389,"Centre-Ouest"
854,"Y","15-49",2013,258053.923,"Est"
854,"Y","15-49",2013,230212.8385,"Nord"
854,"Y","15-49",2013,199976.822,"Cascades"
854,"Y","15-49",2013,252066.593,"Hauts Bassins"
854,"Y","15-49",2013,222728.676,"Sahel"
854,"Y","15-49",2013,210454.6495,"Sud-Ouest"
854,"N","15-49",2014,162976.1439,"Centre (including Ouagadougou)"
854,"N","15-49",2014,56426.0058,"Boucle de Mouhoun"
854,"N","15-49",2014,67672.4262,"Centre-Sud"
854,"N","15-49",2014,72713.925,"Plateau Central"
854,"N","15-49",2014,64085.2059,"Centre-Est"
854,"N","15-49",2014,46439.9601,"Centre-Nord"
854,"N","15-49",2014,96564.0924,"Centre-Ouest"
854,"N","15-49",2014,53323.545,"Est"
854,"N","15-49",2014,70871.8389,"Nord"
854,"N","15-49",2014,56135.1501,"Cascades"
854,"N","15-49",2014,110525.166,"Hauts Bassins"
854,"N","15-49",2014,40719.798,"Sahel"
854,"N","15-49",2014,71162.6946,"Sud-Ouest"
854,"Y","15-49",2014,249074.2728,"Centre (including Ouagadougou)"
854,"Y","15-49",2014,261081.5616,"Boucle de Mouhoun"
854,"Y","15-49",2014,205663.3056,"Centre-Sud"
854,"Y","15-49",2014,224443.9368,"Plateau Central"
854,"Y","15-49",2014,234603.9504,"Centre-Est"
854,"Y","15-49",2014,225059.6952,"Centre-Nord"
854,"Y","15-49",2014,266623.3872,"Centre-Ouest"
854,"Y","15-49",2014,265391.8704,"Est"
854,"Y","15-49",2014,236759.1048,"Nord"
854,"Y","15-49",2014,205663.3056,"Cascades"
854,"Y","15-49",2014,259234.2864,"Hauts Bassins"
854,"Y","15-49",2014,229062.1248,"Sahel"
854,"Y","15-49",2014,216439.0776,"Sud-Ouest"
854,"N","15-49",2015,170232.8528,"Centre (including Ouagadougou)"
854,"N","15-49",2015,58938.4416,"Boucle de Mouhoun"
854,"N","15-49",2015,70685.6224,"Centre-Sud"
854,"N","15-49",2015,75951.6,"Plateau Central"
854,"N","15-49",2015,66938.6768,"Centre-Est"
854,"N","15-49",2015,48507.7552,"Centre-Nord"
854,"N","15-49",2015,100863.7248,"Centre-Ouest"
854,"N","15-49",2015,55697.84,"Est"
854,"N","15-49",2015,74027.4928,"Nord"
854,"N","15-49",2015,58634.6352,"Cascades"
854,"N","15-49",2015,115446.432,"Hauts Bassins"
854,"N","15-49",2015,42532.896,"Sahel"
854,"N","15-49",2015,74331.2992,"Sud-Ouest"
854,"Y","15-49",2015,256070.9902,"Centre (including Ouagadougou)"
854,"Y","15-49",2015,268415.5744,"Boucle de Mouhoun"
854,"Y","15-49",2015,211440.5704,"Centre-Sud"
854,"Y","15-49",2015,230748.7662,"Plateau Central"
854,"Y","15-49",2015,241194.1836,"Centre-Est"
854,"Y","15-49",2015,231381.8218,"Centre-Nord"
854,"Y","15-49",2015,274113.0748,"Centre-Ouest"
854,"Y","15-49",2015,272846.9636,"Est"
854,"Y","15-49",2015,243409.8782,"Nord"
854,"Y","15-49",2015,211440.5704,"Cascades"
854,"Y","15-49",2015,266516.4076,"Hauts Bassins"
854,"Y","15-49",2015,235496.6832,"Sahel"
854,"Y","15-49",2015,222519.0434,"Sud-Ouest"
854,"N","15-49",2016,177745.7461,"Centre (including Ouagadougou)"
854,"N","15-49",2016,61539.5742,"Boucle de Mouhoun"
854,"N","15-49",2016,73805.1938,"Centre-Sud"
854,"N","15-49",2016,79303.575,"Plateau Central"
854,"N","15-49",2016,69892.8841,"Centre-Est"
854,"N","15-49",2016,50648.5499,"Centre-Nord"
854,"N","15-49",2016,105315.1476,"Centre-Ouest"
854,"N","15-49",2016,58155.955,"Est"
854,"N","15-49",2016,77294.5511,"Nord"
854,"N","15-49",2016,61222.3599,"Cascades"
854,"N","15-49",2016,120541.434,"Hauts Bassins"
854,"N","15-49",2016,44410.002,"Sahel"
854,"N","15-49",2016,77611.7654,"Sud-Ouest"
854,"Y","15-49",2016,263151.1155,"Centre (including Ouagadougou)"
854,"Y","15-49",2016,275837.016,"Boucle de Mouhoun"
854,"Y","15-49",2016,217286.706,"Centre-Sud"
854,"Y","15-49",2016,237128.7555,"Plateau Central"
854,"Y","15-49",2016,247862.979,"Centre-Est"
854,"Y","15-49",2016,237779.3145,"Centre-Nord"
854,"Y","15-49",2016,281692.047,"Centre-Ouest"
854,"Y","15-49",2016,280390.929,"Est"
854,"Y","15-49",2016,250139.9355,"Nord"
854,"Y","15-49",2016,217286.706,"Cascades"
854,"Y","15-49",2016,273885.339,"Hauts Bassins"
854,"Y","15-49",2016,242007.948,"Sahel"
854,"Y","15-49",2016,228671.4885,"Sud-Ouest"
854,"N","15-49",2017,185752.3491,"Centre (including Ouagadougou)"
854,"N","15-49",2017,64311.6402,"Boucle de Mouhoun"
854,"N","15-49",2017,77129.7678,"Centre-Sud"
854,"N","15-49",2017,82875.825,"Plateau Central"
854,"N","15-49",2017,73041.2271,"Centre-Est"
854,"N","15-49",2017,52930.0269,"Centre-Nord"
854,"N","15-49",2017,110059.0956,"Centre-Ouest"
854,"N","15-49",2017,60775.605,"Est"
854,"N","15-49",2017,80776.3041,"Nord"
854,"N","15-49",2017,63980.1369,"Cascades"
854,"N","15-49",2017,125971.254,"Hauts Bassins"
854,"N","15-49",2017,46410.462,"Sahel"
854,"N","15-49",2017,81107.8074,"Sud-Ouest"
854,"Y","15-49",2017,270320.9589,"Centre (including Ouagadougou)"
854,"Y","15-49",2017,283352.5008,"Boucle de Mouhoun"
854,"Y","15-49",2017,223206.9228,"Centre-Sud"
854,"Y","15-49",2017,243589.5909,"Plateau Central"
854,"Y","15-49",2017,254616.2802,"Centre-Est"
854,"Y","15-49",2017,244257.8751,"Centre-Nord"
854,"Y","15-49",2017,289367.0586,"Centre-Ouest"
854,"Y","15-49",2017,288030.4902,"Est"
854,"Y","15-49",2017,256955.2749,"Nord"
854,"Y","15-49",2017,223206.9228,"Cascades"
854,"Y","15-49",2017,281347.6482,"Hauts Bassins"
854,"Y","15-49",2017,248601.7224,"Sahel"
854,"Y","15-49",2017,234901.8963,"Sud-Ouest"
854,"N","15-49",2018,194345.9573,"Centre (including Ouagadougou)"
854,"N","15-49",2018,67286.9406,"Boucle de Mouhoun"
854,"N","15-49",2018,80698.0834,"Centre-Sud"
854,"N","15-49",2018,86709.975,"Plateau Central"
854,"N","15-49",2018,76420.3913,"Centre-Est"
854,"N","15-49",2018,55378.7707,"Centre-Nord"
854,"N","15-49",2018,115150.8468,"Centre-Ouest"
854,"N","15-49",2018,63587.315,"Est"
854,"N","15-49",2018,84513.3223,"Nord"
854,"N","15-49",2018,66940.1007,"Cascades"
854,"N","15-49",2018,131799.162,"Hauts Bassins"
854,"N","15-49",2018,48557.586,"Sahel"
854,"N","15-49",2018,84860.1622,"Sud-Ouest"
854,"Y","15-49",2018,277623.721,"Centre (including Ouagadougou)"
854,"Y","15-49",2018,291007.312,"Boucle de Mouhoun"
854,"Y","15-49",2018,229236.892,"Centre-Sud"
854,"Y","15-49",2018,250170.201,"Plateau Central"
854,"Y","15-49",2018,261494.778,"Centre-Est"
854,"Y","15-49",2018,250856.539,"Centre-Nord"
854,"Y","15-49",2018,297184.354,"Centre-Ouest"
854,"Y","15-49",2018,295811.678,"Est"
854,"Y","15-49",2018,263896.961,"Nord"
854,"Y","15-49",2018,229236.892,"Cascades"
854,"Y","15-49",2018,288948.298,"Hauts Bassins"
854,"Y","15-49",2018,255317.736,"Sahel"
854,"Y","15-49",2018,241247.807,"Sud-Ouest"
854,"N","15-49",2019,203637.3486,"Centre (including Ouagadougou)"
854,"N","15-49",2019,70503.8292,"Boucle de Mouhoun"
854,"N","15-49",2019,84556.1388,"Centre-Sud"
854,"N","15-49",2019,90855.45,"Plateau Central"
854,"N","15-49",2019,80073.9366,"Centre-Est"
854,"N","15-49",2019,58026.3474,"Centre-Nord"
854,"N","15-49",2019,120656.0376,"Centre-Ouest"
854,"N","15-49",2019,66627.33,"Est"
854,"N","15-49",2019,88553.7786,"Nord"
854,"N","15-49",2019,70140.4074,"Cascades"
854,"N","15-49",2019,138100.284,"Hauts Bassins"
854,"N","15-49",2019,50879.052,"Sahel"
854,"N","15-49",2019,88917.2004,"Sud-Ouest"
854,"Y","15-49",2019,285129.7039,"Centre (including Ouagadougou)"
854,"Y","15-49",2019,298875.1408,"Boucle de Mouhoun"
854,"Y","15-49",2019,235434.6628,"Centre-Sud"
854,"Y","15-49",2019,256933.9359,"Plateau Central"
854,"Y","15-49",2019,268564.6902,"Centre-Est"
854,"Y","15-49",2019,257638.8301,"Centre-Nord"
854,"Y","15-49",2019,305219.1886,"Centre-Ouest"
854,"Y","15-49",2019,303809.4002,"Est"
854,"Y","15-49",2019,271031.8199,"Nord"
854,"Y","15-49",2019,235434.6628,"Cascades"
854,"Y","15-49",2019,296760.4582,"Hauts Bassins"
854,"Y","15-49",2019,262220.6424,"Sahel"
854,"Y","15-49",2019,247770.3113,"Sud-Ouest"
854,"N","15-49",2020,213675.272,"Centre (including Ouagadougou)"
854,"N","15-49",2020,73979.184,"Boucle de Mouhoun"
854,"N","15-49",2020,88724.176,"Centre-Sud"
854,"N","15-49",2020,95334,"Plateau Central"
854,"N","15-49",2020,84021.032,"Centre-Est"
854,"N","15-49",2020,60886.648,"Centre-Nord"
854,"N","15-49",2020,126603.552,"Centre-Ouest"
854,"N","15-49",2020,69911.6,"Est"
854,"N","15-49",2020,92918.872,"Nord"
854,"N","15-49",2020,73597.848,"Cascades"
854,"N","15-49",2020,144907.68,"Hauts Bassins"
854,"N","15-49",2020,53387.04,"Sahel"
854,"N","15-49",2020,93300.208,"Sud-Ouest"
854,"Y","15-49",2020,292862.7731,"Centre (including Ouagadougou)"
854,"Y","15-49",2020,306981.0032,"Boucle de Mouhoun"
854,"Y","15-49",2020,241819.9412,"Centre-Sud"
854,"Y","15-49",2020,263902.3011,"Plateau Central"
854,"Y","15-49",2020,275848.4958,"Centre-Est"
854,"Y","15-49",2020,264626.3129,"Centre-Nord"
854,"Y","15-49",2020,313497.1094,"Centre-Ouest"
854,"Y","15-49",2020,312049.0858,"Est"
854,"Y","15-49",2020,278382.5371,"Nord"
854,"Y","15-49",2020,241819.9412,"Cascades"
854,"Y","15-49",2020,304808.9678,"Hauts Bassins"
854,"Y","15-49",2020,269332.3896,"Sahel"
854,"Y","15-49",2020,254490.1477,"Sud-Ouest"
854,"N","15-49",2021,224100.834,"Centre (including Ouagadougou)"
854,"N","15-49",2021,77588.748,"Boucle de Mouhoun"
854,"N","15-49",2021,93053.172,"Centre-Sud"
854,"N","15-49",2021,99985.5,"Plateau Central"
854,"N","15-49",2021,88120.554,"Centre-Est"
854,"N","15-49",2021,63857.406,"Centre-Nord"
854,"N","15-49",2021,132780.744,"Centre-Ouest"
854,"N","15-49",2021,73322.7,"Est"
854,"N","15-49",2021,97452.534,"Nord"
854,"N","15-49",2021,77188.806,"Cascades"
854,"N","15-49",2021,151977.96,"Hauts Bassins"
854,"N","15-49",2021,55991.88,"Sahel"
854,"N","15-49",2021,97852.476,"Sud-Ouest"
854,"Y","15-49",2021,300608.8672,"Centre (including Ouagadougou)"
854,"Y","15-49",2021,315100.5184,"Boucle de Mouhoun"
854,"Y","15-49",2021,248215.9744,"Centre-Sud"
854,"Y","15-49",2021,270882.4032,"Plateau Central"
854,"Y","15-49",2021,283144.5696,"Centre-Est"
854,"Y","15-49",2021,271625.5648,"Centre-Nord"
854,"Y","15-49",2021,321788.9728,"Centre-Ouest"
854,"Y","15-49",2021,320302.6496,"Est"
854,"Y","15-49",2021,285745.6352,"Nord"
854,"Y","15-49",2021,248215.9744,"Cascades"
854,"Y","15-49",2021,312871.0336,"Hauts Bassins"
854,"Y","15-49",2021,276456.1152,"Sahel"
854,"Y","15-49",2021,261221.3024,"Sud-Ouest"
854,"N","15-49",2022,235339.3276,"Centre (including Ouagadougou)"
854,"N","15-49",2022,81479.7672,"Boucle de Mouhoun"
854,"N","15-49",2022,97719.7208,"Centre-Sud"
854,"N","15-49",2022,104999.7,"Plateau Central"
854,"N","15-49",2022,92539.7356,"Centre-Est"
854,"N","15-49",2022,67059.8084,"Centre-Nord"
854,"N","15-49",2022,139439.6016,"Centre-Ouest"
854,"N","15-49",2022,76999.78,"Est"
854,"N","15-49",2022,102339.7076,"Nord"
854,"N","15-49",2022,81059.7684,"Cascades"
854,"N","15-49",2022,159599.544,"Hauts Bassins"
854,"N","15-49",2022,58799.832,"Sahel"
854,"N","15-49",2022,102759.7064,"Sud-Ouest"
854,"Y","15-49",2022,308559.9619,"Centre (including Ouagadougou)"
854,"Y","15-49",2022,323434.9168,"Boucle de Mouhoun"
854,"Y","15-49",2022,254781.2788,"Centre-Sud"
854,"Y","15-49",2022,278047.2339,"Plateau Central"
854,"Y","15-49",2022,290633.7342,"Centre-Est"
854,"Y","15-49",2022,278810.0521,"Centre-Nord"
854,"Y","15-49",2022,330300.2806,"Centre-Ouest"
854,"Y","15-49",2022,328774.6442,"Est"
854,"Y","15-49",2022,293303.5979,"Nord"
854,"Y","15-49",2022,254781.2788,"Cascades"
854,"Y","15-49",2022,321146.4622,"Hauts Bassins"
854,"Y","15-49",2022,283768.3704,"Sahel"
854,"Y","15-49",2022,268130.5973,"Sud-Ouest"
854,"N","15-49",2023,247310.5691,"Centre (including Ouagadougou)"
854,"N","15-49",2023,85624.4802,"Boucle de Mouhoun"
854,"N","15-49",2023,102690.5278,"Centre-Sud"
854,"N","15-49",2023,110340.825,"Plateau Central"
854,"N","15-49",2023,97247.0471,"Centre-Est"
854,"N","15-49",2023,70471.0069,"Centre-Nord"
854,"N","15-49",2023,146532.6156,"Centre-Ouest"
854,"N","15-49",2023,80916.605,"Est"
854,"N","15-49",2023,107545.5241,"Nord"
854,"N","15-49",2023,85183.1169,"Cascades"
854,"N","15-49",2023,167718.054,"Hauts Bassins"
854,"N","15-49",2023,61790.862,"Sahel"
854,"N","15-49",2023,107986.8874,"Sud-Ouest"
854,"Y","15-49",2023,316666.7082,"Centre (including Ouagadougou)"
854,"Y","15-49",2023,331932.4704,"Boucle de Mouhoun"
854,"Y","15-49",2023,261475.1064,"Centre-Sud"
854,"Y","15-49",2023,285352.3242,"Plateau Central"
854,"Y","15-49",2023,298269.5076,"Centre-Est"
854,"Y","15-49",2023,286135.1838,"Centre-Nord"
854,"Y","15-49",2023,338978.2068,"Centre-Ouest"
854,"Y","15-49",2023,337412.4876,"Est"
854,"Y","15-49",2023,301009.5162,"Nord"
854,"Y","15-49",2023,261475.1064,"Cascades"
854,"Y","15-49",2023,329583.8916,"Hauts Bassins"
854,"Y","15-49",2023,291223.7712,"Sahel"
854,"Y","15-49",2023,275175.1494,"Sud-Ouest"
854,"N","15-49",2024,259840.0707,"Centre (including Ouagadougou)"
854,"N","15-49",2024,89962.4754,"Boucle de Mouhoun"
854,"N","15-49",2024,107893.1406,"Centre-Sud"
854,"N","15-49",2024,115931.025,"Plateau Central"
854,"N","15-49",2024,102173.8767,"Centre-Est"
854,"N","15-49",2024,74041.2813,"Centre-Nord"
854,"N","15-49",2024,153956.4012,"Centre-Ouest"
854,"N","15-49",2024,85016.085,"Est"
854,"N","15-49",2024,112994.1057,"Nord"
854,"N","15-49",2024,89498.7513,"Cascades"
854,"N","15-49",2024,176215.158,"Hauts Bassins"
854,"N","15-49",2024,64921.374,"Sahel"
854,"N","15-49",2024,113457.8298,"Sud-Ouest"
854,"Y","15-49",2024,324857.0242,"Centre (including Ouagadougou)"
854,"Y","15-49",2024,340517.6224,"Boucle de Mouhoun"
854,"Y","15-49",2024,268237.9384,"Centre-Sud"
854,"Y","15-49",2024,292732.7202,"Plateau Central"
854,"Y","15-49",2024,305983.9956,"Centre-Est"
854,"Y","15-49",2024,293535.8278,"Centre-Nord"
854,"Y","15-49",2024,347745.5908,"Centre-Ouest"
854,"Y","15-49",2024,346139.3756,"Est"
854,"Y","15-49",2024,308794.8722,"Nord"
854,"Y","15-49",2024,268237.9384,"Cascades"
854,"Y","15-49",2024,338108.2996,"Hauts Bassins"
854,"Y","15-49",2024,298756.0272,"Sahel"
854,"Y","15-49",2024,282292.3214,"Sud-Ouest"
854,"N","15-49",2025,272811.171,"Centre (including Ouagadougou)"
854,"N","15-49",2025,94453.362,"Boucle de Mouhoun"
854,"N","15-49",2025,113279.118,"Centre-Sud"
854,"N","15-49",2025,121718.25,"Plateau Central"
854,"N","15-49",2025,107274.351,"Centre-Est"
854,"N","15-49",2025,77737.389,"Centre-Nord"
854,"N","15-49",2025,161641.836,"Centre-Ouest"
854,"N","15-49",2025,89260.05,"Est"
854,"N","15-49",2025,118634.721,"Nord"
854,"N","15-49",2025,93966.489,"Cascades"
854,"N","15-49",2025,185011.74,"Hauts Bassins"
854,"N","15-49",2025,68162.22,"Sahel"
854,"N","15-49",2025,119121.594,"Sud-Ouest"
854,"Y","15-49",2025,333080.9946,"Centre (including Ouagadougou)"
854,"Y","15-49",2025,349138.0512,"Boucle de Mouhoun"
854,"Y","15-49",2025,275028.5592,"Centre-Sud"
854,"Y","15-49",2025,300143.4426,"Plateau Central"
854,"Y","15-49",2025,313730.1828,"Centre-Est"
854,"Y","15-49",2025,300966.8814,"Centre-Nord"
854,"Y","15-49",2025,356549.0004,"Centre-Ouest"
854,"Y","15-49",2025,354902.1228,"Est"
854,"Y","15-49",2025,316612.2186,"Nord"
854,"Y","15-49",2025,275028.5592,"Cascades"
854,"Y","15-49",2025,346667.7348,"Hauts Bassins"
854,"Y","15-49",2025,306319.2336,"Sahel"
854,"Y","15-49",2025,289438.7382,"Sud-Ouest"
854,"N","15-49",2026,285957.0953,"Centre (including Ouagadougou)"
854,"N","15-49",2026,99004.7766,"Boucle de Mouhoun"
854,"N","15-49",2026,118737.6874,"Centre-Sud"
854,"N","15-49",2026,127583.475,"Plateau Central"
854,"N","15-49",2026,112443.5693,"Centre-Est"
854,"N","15-49",2026,81483.3127,"Centre-Nord"
854,"N","15-49",2026,169430.8548,"Centre-Ouest"
854,"N","15-49",2026,93561.215,"Est"
854,"N","15-49",2026,124351.3603,"Nord"
854,"N","15-49",2026,98494.4427,"Cascades"
854,"N","15-49",2026,193926.882,"Hauts Bassins"
854,"N","15-49",2026,71446.746,"Sahel"
854,"N","15-49",2026,124861.6942,"Sud-Ouest"
854,"Y","15-49",2026,341225.9257,"Centre (including Ouagadougou)"
854,"Y","15-49",2026,357675.6304,"Boucle de Mouhoun"
854,"Y","15-49",2026,281753.9164,"Centre-Sud"
854,"Y","15-49",2026,307482.9417,"Plateau Central"
854,"Y","15-49",2026,321401.9226,"Centre-Est"
854,"Y","15-49",2026,308326.5163,"Centre-Nord"
854,"Y","15-49",2026,365267.8018,"Centre-Ouest"
854,"Y","15-49",2026,363580.6526,"Est"
854,"Y","15-49",2026,324354.4337,"Nord"
854,"Y","15-49",2026,281753.9164,"Cascades"
854,"Y","15-49",2026,355144.9066,"Hauts Bassins"
854,"Y","15-49",2026,313809.7512,"Sahel"
854,"Y","15-49",2026,296516.4719,"Sud-Ouest"
854,"N","15-49",2027,299641.4439,"Centre (including Ouagadougou)"
854,"N","15-49",2027,103742.6058,"Boucle de Mouhoun"
854,"N","15-49",2027,124419.8262,"Centre-Sud"
854,"N","15-49",2027,133688.925,"Plateau Central"
854,"N","15-49",2027,117824.5059,"Centre-Est"
854,"N","15-49",2027,85382.6601,"Centre-Nord"
854,"N","15-49",2027,177538.8924,"Centre-Ouest"
854,"N","15-49",2027,98038.545,"Est"
854,"N","15-49",2027,130302.1389,"Nord"
854,"N","15-49",2027,103207.8501,"Cascades"
854,"N","15-49",2027,203207.166,"Hauts Bassins"
854,"N","15-49",2027,74865.798,"Sahel"
854,"N","15-49",2027,130836.8946,"Sud-Ouest"
854,"Y","15-49",2027,349404.1876,"Centre (including Ouagadougou)"
854,"Y","15-49",2027,366248.1472,"Boucle de Mouhoun"
854,"Y","15-49",2027,288506.7952,"Centre-Sud"
854,"Y","15-49",2027,314852.4756,"Plateau Central"
854,"Y","15-49",2027,329105.0568,"Centre-Est"
854,"Y","15-49",2027,315716.2684,"Centre-Nord"
854,"Y","15-49",2027,374022.2824,"Centre-Ouest"
854,"Y","15-49",2027,372294.6968,"Est"
854,"Y","15-49",2027,332128.3316,"Nord"
854,"Y","15-49",2027,288506.7952,"Cascades"
854,"Y","15-49",2027,363656.7688,"Hauts Bassins"
854,"Y","15-49",2027,321330.9216,"Sahel"
854,"Y","15-49",2027,303623.1692,"Sud-Ouest"
854,"N","15-49",2028,313940.198,"Centre (including Ouagadougou)"
854,"N","15-49",2028,108693.156,"Boucle de Mouhoun"
854,"N","15-49",2028,130357.084,"Centre-Sud"
854,"N","15-49",2028,140068.5,"Plateau Central"
854,"N","15-49",2028,123447.038,"Centre-Est"
854,"N","15-49",2028,89457.082,"Centre-Nord"
854,"N","15-49",2028,186010.968,"Centre-Ouest"
854,"N","15-49",2028,102716.9,"Est"
854,"N","15-49",2028,136520.098,"Nord"
854,"N","15-49",2028,108132.882,"Cascades"
854,"N","15-49",2028,212904.12,"Hauts Bassins"
854,"N","15-49",2028,78438.36,"Sahel"
854,"N","15-49",2028,137080.372,"Sud-Ouest"
854,"Y","15-49",2028,357563.5998,"Centre (including Ouagadougou)"
854,"Y","15-49",2028,374800.9056,"Boucle de Mouhoun"
854,"Y","15-49",2028,295244.1096,"Centre-Sud"
854,"Y","15-49",2028,322205.0238,"Plateau Central"
854,"Y","15-49",2028,336790.4364,"Centre-Est"
854,"Y","15-49",2028,323088.9882,"Centre-Nord"
854,"Y","15-49",2028,382756.5852,"Centre-Ouest"
854,"Y","15-49",2028,380988.6564,"Est"
854,"Y","15-49",2028,339884.3118,"Nord"
854,"Y","15-49",2028,295244.1096,"Cascades"
854,"Y","15-49",2028,372149.0124,"Hauts Bassins"
854,"Y","15-49",2028,328834.7568,"Sahel"
854,"Y","15-49",2028,310713.4866,"Sud-Ouest"
854,"N","15-49",2029,328952.3685,"Centre (including Ouagadougou)"
854,"N","15-49",2029,113890.707,"Boucle de Mouhoun"
854,"N","15-49",2029,136590.573,"Centre-Sud"
854,"N","15-49",2029,146766.375,"Plateau Central"
854,"N","15-49",2029,129350.0985,"Centre-Est"
854,"N","15-49",2029,93734.7915,"Centre-Nord"
854,"N","15-49",2029,194905.746,"Centre-Ouest"
854,"N","15-49",2029,107628.675,"Est"
854,"N","15-49",2029,143048.2935,"Nord"
854,"N","15-49",2029,113303.6415,"Cascades"
854,"N","15-49",2029,223084.89,"Hauts Bassins"
854,"N","15-49",2029,82189.17,"Sahel"
854,"N","15-49",2029,143635.359,"Sud-Ouest"
854,"Y","15-49",2029,365659.5864,"Centre (including Ouagadougou)"
854,"Y","15-49",2029,383287.1808,"Boucle de Mouhoun"
854,"Y","15-49",2029,301929.0528,"Centre-Sud"
854,"Y","15-49",2029,329500.4184,"Plateau Central"
854,"Y","15-49",2029,344416.0752,"Centre-Est"
854,"Y","15-49",2029,330404.3976,"Centre-Nord"
854,"Y","15-49",2029,391422.9936,"Centre-Ouest"
854,"Y","15-49",2029,389615.0352,"Est"
854,"Y","15-49",2029,347580.0024,"Nord"
854,"Y","15-49",2029,301929.0528,"Cascades"
854,"Y","15-49",2029,380575.2432,"Hauts Bassins"
854,"Y","15-49",2029,336280.2624,"Sahel"
854,"Y","15-49",2029,317748.6888,"Sud-Ouest"
854,"N","15-49",2030,344742.1696,"Centre (including Ouagadougou)"
854,"N","15-49",2030,119357.4912,"Boucle de Mouhoun"
854,"N","15-49",2030,143146.9568,"Centre-Sud"
854,"N","15-49",2030,153811.2,"Plateau Central"
854,"N","15-49",2030,135558.9376,"Centre-Est"
854,"N","15-49",2030,98234.0864,"Centre-Nord"
854,"N","15-49",2030,204261.2736,"Centre-Ouest"
854,"N","15-49",2030,112794.88,"Est"
854,"N","15-49",2030,149914.6496,"Nord"
854,"N","15-49",2030,118742.2464,"Cascades"
854,"N","15-49",2030,233793.024,"Hauts Bassins"
854,"N","15-49",2030,86134.272,"Sahel"
854,"N","15-49",2030,150529.8944,"Sud-Ouest"
854,"Y","15-49",2030,373654.3671,"Centre (including Ouagadougou)"
854,"Y","15-49",2030,391667.3712,"Boucle de Mouhoun"
854,"Y","15-49",2030,308530.4292,"Centre-Sud"
854,"Y","15-49",2030,336704.6151,"Plateau Central"
854,"Y","15-49",2030,351946.3878,"Centre-Est"
854,"Y","15-49",2030,337628.3589,"Centre-Nord"
854,"Y","15-49",2030,399981.0654,"Centre-Ouest"
854,"Y","15-49",2030,398133.5778,"Est"
854,"Y","15-49",2030,355179.4911,"Nord"
854,"Y","15-49",2030,308530.4292,"Cascades"
854,"Y","15-49",2030,388896.1398,"Hauts Bassins"
854,"Y","15-49",2030,343632.6936,"Sahel"
854,"Y","15-49",2030,324695.9457,"Sud-Ouest"
854,"Y","15-49",2031,385269.4228,"Centre (including Ouagadougou)"
854,"Y","15-49",2031,403842.3616,"Boucle de Mouhoun"
854,"Y","15-49",2031,318121.1056,"Centre-Sud"
854,"Y","15-49",2031,347171.0868,"Plateau Central"
854,"Y","15-49",2031,362886.6504,"Centre-Est"
854,"Y","15-49",2031,348123.5452,"Centre-Nord"
854,"Y","15-49",2031,412414.4872,"Centre-Ouest"
854,"Y","15-49",2031,410509.5704,"Est"
854,"Y","15-49",2031,366220.2548,"Nord"
854,"Y","15-49",2031,318121.1056,"Cascades"
854,"Y","15-49",2031,400984.9864,"Hauts Bassins"
854,"Y","15-49",2031,354314.5248,"Sahel"
854,"Y","15-49",2031,334789.1276,"Sud-Ouest"
854,"Y","15-49",2032,397163.988,"Centre (including Ouagadougou)"
854,"Y","15-49",2032,416310.336,"Boucle de Mouhoun"
854,"Y","15-49",2032,327942.576,"Centre-Sud"
854,"Y","15-49",2032,357889.428,"Plateau Central"
854,"Y","15-49",2032,374090.184,"Centre-Est"
854,"Y","15-49",2032,358871.292,"Centre-Nord"
854,"Y","15-49",2032,425147.112,"Centre-Ouest"
854,"Y","15-49",2032,423183.384,"Est"
854,"Y","15-49",2032,377526.708,"Nord"
854,"Y","15-49",2032,327942.576,"Cascades"
854,"Y","15-49",2032,413364.744,"Hauts Bassins"
854,"Y","15-49",2032,365253.408,"Sahel"
854,"Y","15-49",2032,345125.196,"Sud-Ouest"
854,"Y","15-49",2033,409318.6467,"Centre (including Ouagadougou)"
854,"Y","15-49",2033,429050.9424,"Boucle de Mouhoun"
854,"Y","15-49",2033,337978.8084,"Centre-Sud"
854,"Y","15-49",2033,368842.1427,"Plateau Central"
854,"Y","15-49",2033,385538.7006,"Centre-Est"
854,"Y","15-49",2033,369854.0553,"Centre-Nord"
854,"Y","15-49",2033,438158.1558,"Centre-Ouest"
854,"Y","15-49",2033,436134.3306,"Est"
854,"Y","15-49",2033,389080.3947,"Nord"
854,"Y","15-49",2033,337978.8084,"Cascades"
854,"Y","15-49",2033,426015.2046,"Hauts Bassins"
854,"Y","15-49",2033,376431.4872,"Sahel"
854,"Y","15-49",2033,355687.2789,"Sud-Ouest"
854,"Y","15-49",2034,421722.7201,"Centre (including Ouagadougou)"
854,"Y","15-49",2034,442052.9872,"Boucle de Mouhoun"
854,"Y","15-49",2034,348220.9852,"Centre-Sud"
854,"Y","15-49",2034,380019.6081,"Plateau Central"
854,"Y","15-49",2034,397222.1418,"Centre-Est"
854,"Y","15-49",2034,381062.1859,"Centre-Nord"
854,"Y","15-49",2034,451436.1874,"Centre-Ouest"
854,"Y","15-49",2034,449351.0318,"Est"
854,"Y","15-49",2034,400871.1641,"Nord"
854,"Y","15-49",2034,348220.9852,"Cascades"
854,"Y","15-49",2034,438925.2538,"Hauts Bassins"
854,"Y","15-49",2034,387838.9416,"Sahel"
854,"Y","15-49",2034,366466.0967,"Sud-Ouest"
854,"Y","15-49",2035,434369.8171,"Centre (including Ouagadougou)"
854,"Y","15-49",2035,455309.7712,"Boucle de Mouhoun"
854,"Y","15-49",2035,358663.8292,"Centre-Sud"
854,"Y","15-49",2035,391416.0651,"Plateau Central"
854,"Y","15-49",2035,409134.4878,"Centre-Est"
854,"Y","15-49",2035,392489.9089,"Centre-Nord"
854,"Y","15-49",2035,464974.3654,"Centre-Ouest"
854,"Y","15-49",2035,462826.6778,"Est"
854,"Y","15-49",2035,412892.9411,"Nord"
854,"Y","15-49",2035,358663.8292,"Cascades"
854,"Y","15-49",2035,452088.2398,"Hauts Bassins"
854,"Y","15-49",2035,399469.8936,"Sahel"
854,"Y","15-49",2035,377456.0957,"Sud-Ouest"
